Store_ID,Region,Store_Area,Number_of_Employees,Customer_Footfall,Monthly_Sales
1,South,3875.0,48.0,3022.0,30367
2,West,3167.0,41.0,1914.0,34514
3,West,2271.0,30.0,1690.0,18853
4,East,3367.0,43.0,1220.0,10719
5,North,1363.0,23.0,1086.0,12962
6,North,1081.0,14.0,1077.0,14654
7,North,3570.0,40.0,2615.0,35813
8,West,1194.0,14.0,710.0,9197
9,East,1751.0,21.0,1643.0,13243
10,West,3673.0,42.0,781.0,86940
11,North,,26.0,,23407
12,West,3988.0,46.0,3633.0,42872
13,West,1739.0,24.0,434.0,6495
14,North,2954.0,37.0,1654.0,27264
15,North,898.0,10.0,327.0,6210
16,North,2446.0,26.0,1598.0,20765
17,South,1214.0,21.0,874.0,5350
18,East,1203.0,14.0,532.0,5005
19,South,3308.0,39.0,1879.0,18395
20,North,3046.0,31.0,1290.0,23428
21,East,2214.0,25.0,1097.0,9816
22,North,2472.0,27.0,810.0,15304
23,North,3521.0,38.0,3199.0,40969
24,South,581.0,11.0,121.0,1783
25,South,1103.0,17.0,999.0,5077
26,West,2470.0,34.0,1624.0,29532
27,North,2210.0,26.0,1028.0,19125
28,East,,32.0,1982.0,28957
29,East,3319.0,39.0,2012.0,10323
30,North,1402.0,16.0,840.0,7335
31,East,864.0,17.0,249.0,2873
32,North,662.0,14.0,339.0,2316
33,North,3619.0,43.0,1422.0,10419
34,West,3058.0,39.0,650.0,6093
35,West,3900.0,,1904.0,25060
36,West,2363.0,25.0,642.0,8729
37,South,615.0,14.0,249.0,1330
38,North,3488.0,39.0,956.0,8331
39,East,2884.0,34.0,810.0,8098
40,South,1380.0,22.0,496.0,5426
41,North,3284.0,38.0,3284.0,27682
42,South,1339.0,17.0,270.0,2427
43,North,2694.0,33.0,1915.0,34963
44,West,1846.0,23.0,578.0,11263
45,North,2990.0,37.0,2800.0,54135
46,East,16920.0,41.0,930.0,12850
47,South,1536.0,19.0,1481.0,13250
48,East,1442.0,19.0,993.0,11783
49,East,2224.0,25.0,447.0,4097
50,North,2834.0,32.0,10376.0,38731
51,West,3267.0,37.0,2017.0,21224
52,West,1637.0,19.0,671.0,9649
53,West,3027.0,35.0,2463.0,32780
54,West,521.0,,490.0,20046
55,East,3920.0,46.0,2301.0,29699
56,West,2249.0,26.0,,6774
57,North,1182.0,16.0,982.0,10125
58,North,3453.0,44.0,2574.0,16929
59,North,2333.0,29.0,2125.0,24205
60,South,2867.0,33.0,2162.0,12176
61,South,625.0,8.0,247.0,3491
62,North,776.0,14.0,734.0,8737
63,West,2499.0,27.0,709.0,8844
64,South,1727.0,22.0,716.0,6085
65,North,2741.0,33.0,1689.0,24757
66,East,1195.0,16.0,780.0,10018
67,North,1809.0,21.0,384.0,5732
68,West,556.0,13.0,458.0,7432
69,North,3874.0,41.0,1895.0,34636
70,West,3734.0,43.0,1961.0,34761
71,West,518.0,9.0,439.0,6700
72,North,3941.0,45.0,1984.0,18432
73,North,2811.0,32.0,,9880
74,West,3341.0,37.0,1140.0,14910
75,West,612.0,10.0,590.0,9336
76,West,,48.0,999.0,17311
77,West,1041.0,17.0,504.0,8142
78,North,3194.0,35.0,1925.0,33698
79,South,1078.0,14.0,641.0,3614
80,North,,22.0,323.0,2232
81,West,3863.0,45.0,2321.0,22886
82,East,524.0,9.0,266.0,3726
83,South,2072.0,30.0,2026.0,26817
84,North,2548.0,29.0,834.0,12823
85,South,3458.0,44.0,1671.0,20065
86,South,2072.0,25.0,1110.0,13616
87,West,640.0,8.0,328.0,6151
88,East,2267.0,25.0,1661.0,22128
89,West,1147.0,16.0,427.0,6236
90,South,2735.0,31.0,1031.0,12019
91,North,3699.0,44.0,2898.0,26889
92,West,700.0,12.0,,6319
93,West,3698.0,43.0,1968.0,23657
94,East,756.0,,254.0,1659
95,West,1046.0,12.0,366.0,6216
96,South,2741.0,36.0,571.0,5769
97,East,3250.0,40.0,3552.0,13120
98,South,,41.0,2372.0,18541
99,North,3836.0,41.0,3504.0,44671
100,North,1301.0,16.0,559.0,6889
101,North,1441.0,23.0,666.0,5375
102,East,3955.0,45.0,1157.0,10715
103,South,3831.0,41.0,1957.0,15412
104,East,913.0,14.0,210.0,1387
105,West,2514.0,27.0,2348.0,23875
106,North,1881.0,23.0,1389.0,13240
107,South,1598.0,18.0,1586.0,19572
108,West,,41.0,3558.0,24550
109,North,1409.0,22.0,815.0,11840
110,North,687.0,8.0,423.0,6932
111,North,2515.0,32.0,886.0,11296
112,North,1813.0,23.0,1033.0,19224
113,West,2592.0,34.0,2391.0,37545
114,West,2630.0,27.0,633.0,10269
115,East,1646.0,23.0,1466.0,10217
116,West,857.0,14.0,405.0,6725
117,West,2051.0,25.0,1886.0,32660
118,North,7945.0,23.0,1514.0,16951
119,West,3483.0,37.0,2566.0,23796
120,East,2180.0,,1595.0,84702
121,West,2922.0,30.0,1643.0,26477
122,West,661.0,8.0,574.0,6847
123,South,3951.0,45.0,3830.0,47364
124,North,3929.0,46.0,3222.0,25700
125,North,3759.0,40.0,2622.0,44517
126,South,2869.0,37.0,1967.0,14816
127,West,4745.0,13.0,835.0,8130
128,West,1997.0,23.0,1264.0,17917
129,North,1536.0,23.0,1295.0,9598
130,East,2731.0,29.0,1658.0,8726
131,South,2658.0,30.0,664.0,5053
132,North,2450.0,28.0,1243.0,16774
133,North,3055.0,32.0,1697.0,186318
134,South,1813.0,24.0,568.0,7648
135,West,2842.0,30.0,,61884
136,South,3451.0,36.0,2169.0,11649
137,East,1738.0,19.0,466.0,4824
138,West,1473.0,21.0,652.0,10212
139,South,1131.0,15.0,900.0,7552
140,West,,27.0,2031.0,16134
141,West,1550.0,24.0,1200.0,12146
142,North,3280.0,41.0,3261.0,53906
143,South,3802.0,39.0,2884.0,24550
144,South,2088.0,29.0,908.0,11913
145,North,2868.0,38.0,2116.0,22543
146,North,3460.0,41.0,2636.0,22739
147,East,3804.0,43.0,1892.0,17706
148,East,2193.0,28.0,470.0,4476
149,North,936.0,15.0,714.0,4791
150,North,3328.0,42.0,723.0,5800
151,West,2056.0,25.0,1449.0,12902
152,North,3974.0,42.0,1315.0,10489
153,North,1576.0,25.0,1028.0,11246
154,South,,,2343.0,34316
155,West,1804.0,27.0,380.0,4986
156,North,3273.0,,1605.0,23526
157,East,2578.0,34.0,1755.0,15030
158,West,2884.0,38.0,10140.0,27138
159,North,682.0,16.0,621.0,4223
160,West,3594.0,45.0,2110.0,27439
161,South,3091.0,33.0,2419.0,23794
162,East,1969.0,24.0,892.0,5868
163,East,3645.0,43.0,1727.0,21835
164,East,3581.0,38.0,1273.0,12637
165,North,1979.0,21.0,1285.0,14015
166,West,2089.0,24.0,943.0,47580
167,South,2087.0,25.0,558.0,5871
168,North,1159.0,20.0,867.0,14121
169,North,659.0,13.0,505.0,5134
170,East,3585.0,38.0,1749.0,12572
171,East,3749.0,46.0,980.0,10015
172,North,2959.0,32.0,1601.0,13640
173,East,1511.0,20.0,837.0,9765
174,North,552.0,10.0,406.0,5834
175,East,2955.0,37.0,1337.0,7849
176,North,3394.0,42.0,2532.0,17660
177,East,1545.0,20.0,1386.0,15527
178,South,1553.0,21.0,606.0,4813
179,West,3250.0,34.0,3195.0,24358
180,North,2807.0,36.0,1429.0,23396
181,South,1728.0,19.0,715.0,5820
182,North,3630.0,42.0,1950.0,24326
183,West,1994.0,28.0,,5259
184,West,3323.0,39.0,999.0,14640
185,North,1989.0,24.0,1057.0,11013
186,East,1535.0,19.0,1243.0,18248
187,West,2450.0,30.0,2255.0,35264
188,East,3861.0,43.0,2826.0,17994
189,East,1349.0,21.0,,3511
190,North,853.0,18.0,,7240
191,North,1598.0,17.0,1132.0,15220
192,West,3420.0,38.0,2889.0,50399
193,West,2239.0,26.0,1926.0,27127
194,East,1964.0,22.0,1757.0,9867
195,South,1490.0,21.0,792.0,9151
196,South,1764.0,21.0,1338.0,6801
197,West,3565.0,43.0,1478.0,24593
198,West,2384.0,29.0,2383.0,36141
199,West,3725.0,41.0,1267.0,13322
200,West,2309.0,28.0,,4945
201,East,3667.0,45.0,1170.0,15190
202,North,2841.0,31.0,2332.0,38906
203,North,2756.0,35.0,1536.0,17019
204,West,3914.0,45.0,2184.0,22684
205,East,1611.0,17.0,1553.0,16459
206,North,1317.0,20.0,1232.0,8142
207,North,2299.0,30.0,1032.0,7817
208,East,2460.0,26.0,903.0,5654
209,North,2937.0,38.0,2581.0,22998
210,North,2872.0,35.0,2656.0,34943
211,East,3487.0,37.0,2208.0,32949
212,East,1388.0,19.0,977.0,11261
213,East,2355.0,28.0,955.0,5360
214,North,1680.0,24.0,1412.0,18826
215,West,1167.0,20.0,824.0,10676
216,North,1132.0,12.0,682.0,5711
217,South,3124.0,36.0,775.0,11007
218,West,2142.0,24.0,,24435
219,East,636.0,7.0,440.0,6576
220,West,2446.0,27.0,866.0,10358
221,East,2197.0,,1505.0,16675
222,East,927.0,16.0,688.0,4161
223,North,1975.0,28.0,1226.0,15208
224,South,15795.0,36.0,2447.0,18078
225,North,,38.0,2300.0,39933
226,North,1318.0,18.0,1263.0,21081
227,West,2688.0,36.0,653.0,11241
228,South,1606.0,22.0,458.0,5604
229,West,2724.0,36.0,923.0,15991
230,East,697.0,13.0,524.0,3672
231,West,3171.0,34.0,2272.0,28120
232,East,2495.0,30.0,2280.0,27174
233,East,3238.0,41.0,2546.0,28958
234,South,3992.0,48.0,2422.0,29460
235,North,2948.0,36.0,2929.0,165468
236,West,970.0,11.0,400.0,3112
237,North,,32.0,2396.0,44131
238,North,2448.0,31.0,,18261
239,East,1428.0,21.0,1027.0,6715
240,North,2510.0,31.0,1962.0,32990
241,West,3179.0,40.0,2248.0,41350
242,West,3498.0,41.0,1093.0,9514
243,West,1405.0,17.0,,13341
244,South,2722.0,31.0,1767.0,25325
245,North,522.0,8.0,459.0,8583
246,West,734.0,8.0,407.0,7482
247,South,3584.0,41.0,3351.0,35066
248,West,1624.0,17.0,897.0,9984
249,West,1428.0,15.0,913.0,6021
250,West,1022.0,12.0,855.0,6235
251,North,2308.0,27.0,1538.0,18571
252,South,930.0,15.0,3600.0,8094
253,West,1292.0,21.0,941.0,8376
254,South,2129.0,24.0,,11785
255,North,2236.0,23.0,489.0,4289
256,East,,13.0,548.0,7391
257,West,3526.0,38.0,1549.0,16073
258,East,2246.0,27.0,1793.0,19697
259,East,2175.0,26.0,797.0,7993
260,North,1816.0,22.0,661.0,4742
261,East,3357.0,43.0,1180.0,17018
262,West,1412.0,21.0,424.0,5662
263,North,1624.0,20.0,729.0,7819
264,East,2025.0,23.0,1840.0,12110
265,West,1827.0,24.0,1498.0,16329
266,West,3418.0,37.0,2694.0,18229
267,East,3087.0,37.0,2587.0,22340
268,West,1523.0,24.0,2532.0,8488
269,South,2076.0,27.0,1889.0,25915
270,North,1878.0,23.0,582.0,8984
271,West,3874.0,44.0,,14446
272,West,2019.0,26.0,1352.0,11385
273,West,2181.0,25.0,616.0,7432
274,West,2497.0,33.0,1958.0,17709
275,East,726.0,11.0,370.0,1953
276,East,1759.0,26.0,1456.0,19001
277,West,1372.0,17.0,815.0,5504
278,East,1391.0,21.0,479.0,6374
279,West,1978.0,29.0,1558.0,13046
280,West,1536.0,19.0,617.0,11828
281,West,2757.0,36.0,1634.0,23448
282,South,3288.0,36.0,856.0,10571
283,South,896.0,16.0,622.0,3797
284,North,1623.0,19.0,1189.0,21054
285,East,2578.0,33.0,1297.0,17369
286,North,3445.0,40.0,3319.0,49748
287,South,,13.0,1032.0,10343
288,East,828.0,11.0,635.0,7756
289,North,3737.0,43.0,2881.0,18949
290,East,1982.0,24.0,797.0,8707
291,North,1451.0,21.0,1053.0,18445
292,North,2505.0,26.0,898.0,10003
293,West,2516.0,26.0,793.0,6271
294,South,3671.0,40.0,,33787
295,North,3168.0,40.0,2211.0,35271
296,East,2378.0,32.0,1296.0,7871
297,West,1696.0,21.0,,6700
298,North,2272.0,,1552.0,13065
299,East,661.0,15.0,158.0,2049
300,North,2251.0,30.0,621.0,4544
301,North,1275.0,20.0,289.0,4458
302,East,3834.0,42.0,2298.0,19911
303,East,2327.0,32.0,1583.0,19879
304,East,2821.0,34.0,705.0,10324
305,West,3574.0,39.0,2777.0,22186
306,West,1551.0,21.0,596.0,6310
307,East,2873.0,34.0,2149.0,28155
308,South,1439.0,19.0,1418.0,10864
309,West,3720.0,45.0,2801.0,26040
310,North,1039.0,19.0,942.0,16231
311,South,3035.0,39.0,2909.0,43259
312,North,,19.0,779.0,10703
313,North,1961.0,26.0,,15111
314,West,1588.0,25.0,1400.0,16354
315,West,855.0,13.0,415.0,3615
316,East,,44.0,1564.0,19736
317,South,734.0,11.0,703.0,8953
318,North,2774.0,29.0,2167.0,38739
319,North,2048.0,27.0,770.0,5271
320,North,3884.0,45.0,2172.0,29986
321,East,2596.0,35.0,2173.0,15521
322,West,617.0,13.0,,4296
323,East,2601.0,33.0,1873.0,24067
324,North,2173.0,24.0,1745.0,15699
325,West,3112.0,40.0,2171.0,32127
326,West,1567.0,25.0,990.0,14859
327,East,2600.0,32.0,2079.0,30231
328,East,1057.0,14.0,827.0,10546
329,South,3673.0,38.0,2585.0,33699
330,North,2315.0,27.0,1129.0,15141
331,South,2505.0,28.0,1314.0,9024
332,West,3415.0,35.0,3334.0,40116
333,North,897.0,12.0,260.0,3547
334,North,3709.0,41.0,1539.0,23577
335,North,1174.0,20.0,697.0,10037
336,North,886.0,18.0,770.0,8949
337,West,2658.0,,880.0,8755
338,West,3161.0,38.0,,11580
339,South,2564.0,31.0,648.0,7736
340,North,3753.0,44.0,2870.0,42735
341,South,1383.0,18.0,540.0,6412
342,South,1040.0,16.0,531.0,4633
343,North,670.0,14.0,372.0,3687
344,South,2956.0,39.0,2699.0,34000
345,South,1239.0,19.0,656.0,8355
346,East,1901.0,25.0,601.0,5743
347,East,3759.0,39.0,2329.0,155376
348,North,3405.0,36.0,3304.0,37519
349,South,2777.0,29.0,1905.0,22897
350,East,618.0,15.0,610.0,8148
351,East,3727.0,46.0,3253.0,38653
352,West,3331.0,40.0,3048.0,10031
353,East,3012.0,32.0,2189.0,20985
354,North,2651.0,33.0,4552.0,16899
355,North,,36.0,2102.0,32240
356,East,2495.0,26.0,1057.0,11191
357,North,2205.0,23.0,1056.0,15443
358,East,2222.0,27.0,2085.0,12439
359,West,2722.0,29.0,994.0,18760
360,East,3292.0,37.0,2960.0,38207
361,South,2197.0,23.0,493.0,4308
362,East,1944.0,23.0,530.0,5633
363,South,3705.0,43.0,3274.0,17919
364,East,3962.0,44.0,2791.0,15106
365,West,2259.0,24.0,1802.0,17588
366,South,2024.0,27.0,744.0,8851
367,West,1164.0,14.0,,12885
368,West,532.0,14.0,420.0,5783
369,North,2602.0,29.0,1826.0,24501
370,North,3066.0,39.0,1770.0,20762
371,North,3303.0,41.0,3197.0,27497
372,North,2559.0,29.0,,15241
373,North,2051.0,25.0,,31139
374,East,1219.0,14.0,955.0,13633
375,North,3102.0,35.0,2446.0,30471
376,South,2920.0,38.0,771.0,8939
377,West,983.0,12.0,479.0,8808
378,North,1472.0,18.0,1305.0,10011
379,West,3799.0,42.0,1467.0,24229
380,North,3170.0,37.0,927.0,13459
381,North,806.0,9.0,371.0,5299
382,East,956.0,17.0,360.0,2853
383,East,2707.0,34.0,2545.0,30130
384,West,,17.0,742.0,12490
385,West,3323.0,37.0,1993.0,15879
386,West,,,180.0,2418
387,North,3530.0,37.0,2724.0,21292
388,North,3276.0,37.0,2289.0,40844
389,West,1979.0,22.0,1932.0,25308
390,West,3616.0,41.0,2340.0,39788
391,West,3785.0,45.0,1776.0,120252
392,South,1582.0,17.0,973.0,6082
393,South,1143.0,18.0,1124.0,6086
394,West,1115.0,17.0,844.0,8575
395,South,694.0,13.0,512.0,3810
396,West,988.0,18.0,388.0,5348
397,West,2704.0,35.0,2149.0,14576
398,South,3157.0,38.0,2526.0,25780
399,West,1749.0,20.0,794.0,9205
400,West,2959.0,35.0,1737.0,24322
401,North,3776.0,40.0,1645.0,25714
402,West,1602.0,21.0,,9613
403,East,1647.0,25.0,364.0,5404
404,West,3018.0,31.0,,10720
405,South,1741.0,22.0,1120.0,10413
406,West,1015.0,16.0,204.0,2453
407,South,2125.0,28.0,906.0,8309
408,North,1627.0,25.0,1473.0,22286
409,West,892.0,15.0,602.0,7746
410,North,1130.0,16.0,776.0,10264
411,South,2347.0,30.0,1227.0,11440
412,West,3155.0,33.0,2338.0,45339
413,West,1479.0,20.0,521.0,9669
414,East,933.0,11.0,,6446
415,East,3902.0,43.0,1145.0,7003
416,South,3714.0,44.0,2692.0,36066
417,North,15435.0,36.0,1460.0,28416
418,South,777.0,14.0,620.0,4914
419,East,732.0,9.0,468.0,4014
420,West,2052.0,24.0,1153.0,21609
421,West,2094.0,28.0,703.0,11069
422,West,1613.0,18.0,1144.0,11833
423,North,3770.0,44.0,3694.0,51914
424,South,14545.0,34.0,2503.0,36149
425,North,525.0,6.0,130.0,2217
426,East,3596.0,40.0,1802.0,22378
427,South,1917.0,21.0,1803.0,22303
428,West,3054.0,35.0,1840.0,16218
429,South,3872.0,40.0,,37422
430,North,3910.0,41.0,3637.0,36696
431,North,2814.0,36.0,2530.0,47045
432,West,960.0,16.0,577.0,6486
433,East,,32.0,1652.0,22429
434,North,3931.0,45.0,7416.0,18468
435,North,1591.0,25.0,1233.0,16262
436,West,1506.0,22.0,647.0,5105
437,North,3410.0,43.0,1364.0,20571
438,West,3983.0,45.0,1932.0,33557
439,West,2494.0,32.0,852.0,13496
440,North,990.0,17.0,749.0,9963
441,North,1572.0,19.0,1089.0,7717
442,West,3111.0,38.0,1824.0,33990
443,South,3673.0,38.0,1882.0,22687
444,South,715.0,16.0,,8260
445,West,2223.0,28.0,,8348
446,West,2092.0,26.0,1706.0,27672
447,West,3106.0,38.0,2862.0,35015
448,West,658.0,12.0,367.0,5886
449,South,3036.0,35.0,1945.0,21882
450,North,1185.0,19.0,1132.0,19926
451,West,3813.0,45.0,1410.0,23874
452,East,3341.0,36.0,2058.0,11141
453,South,2276.0,26.0,1320.0,11601
454,West,2552.0,29.0,1038.0,7215
455,North,2343.0,29.0,2003.0,15677
456,South,2908.0,35.0,2674.0,29452
457,North,3006.0,33.0,2482.0,44328
458,South,2795.0,31.0,996.0,6173
459,North,2089.0,29.0,563.0,6961
460,North,2196.0,30.0,1503.0,27567
461,North,3493.0,42.0,858.0,14660
462,East,,34.0,2192.0,22351
463,West,2446.0,28.0,1527.0,25242
464,East,2562.0,29.0,1871.0,19135
465,West,3283.0,38.0,2207.0,18881
466,South,1645.0,19.0,885.0,5529
467,North,2824.0,36.0,1019.0,9119
468,West,2081.0,28.0,925.0,10232
469,North,3000.0,33.0,1859.0,34572
470,West,3961.0,49.0,2858.0,48288
471,North,3865.0,44.0,3183.0,38598
472,West,3145.0,40.0,2559.0,33037
473,North,2993.0,37.0,2928.0,29142
474,West,2757.0,35.0,1182.0,18506
475,East,3261.0,39.0,838.0,10917
476,West,2849.0,30.0,1358.0,13045
477,North,,33.0,1933.0,13615
478,East,3794.0,44.0,2089.0,23478
479,West,2257.0,,1928.0,26631
480,East,2550.0,26.0,1631.0,14714
481,East,1489.0,20.0,1405.0,16072
482,East,2041.0,21.0,1956.0,20550
483,South,1616.0,24.0,413.0,3100
484,East,3067.0,39.0,1733.0,15558
485,East,3999.0,41.0,2750.0,25523
486,West,992.0,19.0,401.0,7195
487,North,3806.0,40.0,2001.0,38002
488,North,1119.0,20.0,830.0,15030
489,West,3732.0,38.0,1423.0,22554
490,West,2878.0,38.0,1962.0,27674
491,South,2880.0,33.0,2183.0,25962
492,East,2597.0,35.0,707.0,10175
493,North,2046.0,27.0,1224.0,11934
494,North,1362.0,20.0,559.0,7522
495,South,2191.0,27.0,1708.0,20319
496,South,2105.0,30.0,740.0,8726
497,East,2819.0,30.0,2576.0,19379
498,North,,13.0,588.0,8307
499,West,2390.0,33.0,857.0,14438
500,West,1775.0,21.0,977.0,12384
501,East,3107.0,39.0,1637.0,21171
502,East,3243.0,41.0,1761.0,15143
503,South,,32.0,1574.0,22646
504,West,3661.0,41.0,,30363
505,East,2993.0,31.0,957.0,10488
506,North,3564.0,40.0,900.0,6217
507,West,1855.0,28.0,1453.0,12661
508,West,1662.0,19.0,1077.0,15862
509,West,856.0,12.0,1668.0,4987
510,West,2124.0,29.0,1798.0,23565
511,East,2821.0,34.0,1440.0,8107
512,South,3590.0,44.0,3004.0,40077
513,West,2506.0,32.0,1114.0,18602
514,West,2858.0,34.0,738.0,6575
515,North,1369.0,23.0,1295.0,19096
516,North,1385.0,18.0,714.0,12237
517,South,2501.0,31.0,2086.0,23798
518,West,2701.0,29.0,1143.0,12042
519,West,1913.0,21.0,1372.0,20620
520,North,1783.0,20.0,1602.0,88776
521,East,1119.0,18.0,261.0,2136
522,South,1382.0,16.0,1195.0,8844
523,West,1296.0,15.0,852.0,11707
524,West,2672.0,,1833.0,14493
525,West,3925.0,46.0,2428.0,45241
526,South,1796.0,21.0,1616.0,13470
527,South,1118.0,14.0,262.0,1884
528,North,2334.0,30.0,954.0,12359
529,North,744.0,12.0,670.0,6768
530,West,3395.0,40.0,2722.0,36621
531,West,2997.0,38.0,642.0,7082
532,West,1429.0,23.0,877.0,7206
533,West,1770.0,19.0,1104.0,10992
534,East,1019.0,13.0,531.0,4983
535,West,3712.0,44.0,1626.0,11209
536,West,2909.0,35.0,2168.0,35812
537,West,507.0,12.0,186.0,2713
538,North,3025.0,38.0,2538.0,36338
539,South,3923.0,45.0,3305.0,34572
540,North,2519.0,28.0,1341.0,19007
541,West,994.0,12.0,424.0,7908
542,East,2129.0,28.0,909.0,4623
543,North,3380.0,35.0,1980.0,14100
544,East,3998.0,43.0,3101.0,21443
545,East,1562.0,20.0,761.0,5078
546,South,3140.0,32.0,2160.0,14714
547,North,686.0,12.0,347.0,5287
548,East,3301.0,36.0,1464.0,14047
549,East,2377.0,26.0,523.0,7802
550,West,2640.0,29.0,536.0,5065
551,East,585.0,14.0,223.0,1808
552,West,3615.0,42.0,1898.0,36622
553,East,636.0,13.0,560.0,7458
554,East,2968.0,36.0,2490.0,24148
555,West,2621.0,32.0,1084.0,14861
556,South,10680.0,24.0,845.0,11350
557,North,3727.0,45.0,1423.0,18147
558,North,,45.0,1804.0,16558
559,West,2718.0,34.0,1627.0,28098
560,East,2251.0,29.0,1240.0,12868
561,West,2717.0,32.0,1018.0,8642
562,North,2287.0,31.0,696.0,9099
563,North,1371.0,19.0,288.0,3419
564,North,,38.0,927.0,16592
565,South,3003.0,39.0,2295.0,86208
566,East,7215.0,15.0,570.0,7839
567,South,2126.0,27.0,1222.0,12369
568,South,3337.0,40.0,2246.0,20312
569,West,,35.0,2874.0,24732
570,South,3726.0,44.0,3395.0,40768
571,East,3436.0,41.0,2737.0,39052
572,West,848.0,10.0,193.0,2196
573,South,2176.0,29.0,1436.0,10649
574,East,1696.0,18.0,1406.0,14831
575,West,509.0,10.0,109.0,1837
576,West,3287.0,42.0,2103.0,82638
577,North,3836.0,45.0,3400.0,50007
578,West,1961.0,,1136.0,16193
579,South,3818.0,40.0,776.0,6349
580,North,1166.0,20.0,,3006
581,South,3093.0,34.0,1650.0,12325
582,West,2022.0,28.0,655.0,10983
583,South,,30.0,1958.0,22214
584,South,1100.0,18.0,,8716
585,East,3152.0,34.0,1079.0,9630
586,North,826.0,12.0,752.0,7737
587,North,1479.0,21.0,819.0,14083
588,North,2951.0,39.0,927.0,11465
589,North,1128.0,16.0,915.0,11912
590,North,2129.0,30.0,1771.0,23503
591,North,3930.0,44.0,2796.0,34471
592,East,3265.0,41.0,2882.0,21790
593,North,3588.0,37.0,2834.0,22855
594,South,773.0,,700.0,4190
595,West,1184.0,16.0,648.0,10593
596,South,615.0,11.0,491.0,3553
597,East,1360.0,20.0,1360.0,7557
598,North,2503.0,30.0,1952.0,197556
599,North,1192.0,13.0,347.0,2950
600,North,3662.0,46.0,2251.0,32925
601,North,1605.0,18.0,1075.0,11720
602,North,2871.0,38.0,974.0,7932
603,North,3508.0,37.0,3404.0,40468
604,North,2661.0,36.0,906.0,6063
605,North,2292.0,29.0,784.0,13668
606,South,3629.0,45.0,3383.0,34287
607,North,653.0,13.0,374.0,3108
608,South,2400.0,30.0,601.0,4429
609,East,1927.0,21.0,1308.0,12400
610,East,1789.0,26.0,4876.0,8397
611,North,814.0,11.0,205.0,2048
612,West,,23.0,1530.0,20574
613,East,,11.0,384.0,5117
614,North,2424.0,27.0,1570.0,18407
615,West,2413.0,25.0,1487.0,23525
616,West,1716.0,25.0,1182.0,21154
617,North,1924.0,22.0,792.0,7375
618,North,3849.0,40.0,1654.0,28107
619,West,2901.0,30.0,1767.0,28884
620,West,3563.0,40.0,3012.0,33554
621,North,2272.0,31.0,545.0,10553
622,North,2460.0,28.0,6716.0,16645
623,South,3280.0,34.0,2773.0,20931
624,South,2103.0,25.0,685.0,8715
625,East,1208.0,21.0,256.0,2393
626,South,3827.0,39.0,1723.0,14315
627,South,1150.0,14.0,771.0,5232
628,West,3371.0,43.0,1047.0,17222
629,North,1446.0,16.0,782.0,13077
630,North,1160.0,15.0,745.0,10330
631,West,2646.0,33.0,1797.0,34044
632,West,3135.0,34.0,1315.0,13987
633,East,2829.0,,1471.0,10586
634,East,2950.0,36.0,2427.0,28577
635,North,1632.0,19.0,1555.0,25439
636,South,1199.0,21.0,1067.0,7735
637,East,2746.0,28.0,1789.0,10316
638,North,3874.0,42.0,2046.0,34857
639,North,2538.0,26.0,1184.0,22726
640,South,2874.0,31.0,862.0,9867
641,North,2701.0,35.0,770.0,7786
642,South,1051.0,18.0,789.0,11809
643,North,904.0,11.0,369.0,6684
644,South,961.0,12.0,388.0,3932
645,North,2679.0,36.0,2675.0,46088
646,West,3338.0,39.0,1169.0,19997
647,East,1373.0,19.0,437.0,6270
648,East,583.0,12.0,163.0,2186
649,West,1922.0,28.0,,18971
650,South,3301.0,40.0,2318.0,25714
651,North,,41.0,1563.0,19656
652,East,3680.0,41.0,2312.0,26044
653,East,,9.0,598.0,7745
654,West,3100.0,39.0,2649.0,50589
655,South,1891.0,23.0,1827.0,17672
656,North,3718.0,46.0,3195.0,44594
657,North,611.0,,398.0,4888
658,South,1114.0,19.0,383.0,4475
659,East,2081.0,30.0,582.0,6576
660,East,3471.0,44.0,846.0,4381
661,South,974.0,14.0,714.0,7434
662,West,3383.0,35.0,2862.0,21895
663,East,2413.0,27.0,1465.0,7712
664,North,770.0,17.0,188.0,3156
665,North,2968.0,34.0,1865.0,18393
666,North,,29.0,2296.0,25092
667,North,3254.0,40.0,2207.0,16184
668,North,1890.0,24.0,1602.0,14151
669,North,3851.0,43.0,3235.0,53225
670,North,3854.0,41.0,3645.0,47078
671,North,539.0,7.0,440.0,7897
672,West,2482.0,29.0,1981.0,23107
673,North,2736.0,36.0,1060.0,10593
674,East,3735.0,45.0,926.0,7849
675,South,1493.0,18.0,917.0,11121
676,West,2512.0,34.0,752.0,10314
677,North,3083.0,36.0,2990.0,54581
678,South,3575.0,39.0,1544.0,17017
679,West,789.0,13.0,696.0,8985
680,West,2980.0,34.0,1520.0,25406
681,West,3018.0,38.0,1384.0,26044
682,North,3752.0,43.0,14228.0,39575
683,North,3819.0,46.0,1874.0,18268
684,East,3175.0,41.0,1626.0,18150
685,West,778.0,12.0,222.0,2883
686,East,,41.0,2521.0,37542
687,East,1080.0,13.0,466.0,4485
688,North,1362.0,20.0,910.0,40764
689,West,753.0,16.0,507.0,9737
690,North,680.0,14.0,527.0,9205
691,South,1180.0,19.0,3760.0,6376
692,South,1324.0,21.0,810.0,11377
693,East,1199.0,19.0,557.0,4683
694,North,3113.0,36.0,2708.0,30878
695,North,1849.0,25.0,828.0,15138
696,East,1880.0,22.0,1139.0,11733
697,North,2173.0,27.0,1132.0,9385
698,East,,39.0,2853.0,24794
699,North,2938.0,38.0,1603.0,25467
700,South,2138.0,23.0,1088.0,7335
701,East,2457.0,29.0,1847.0,20137
702,North,3656.0,44.0,2493.0,38738
703,South,3888.0,40.0,1111.0,9375
704,North,711.0,9.0,431.0,6689
705,North,2038.0,29.0,1607.0,28917
706,West,883.0,16.0,877.0,11083
707,South,,29.0,1557.0,13747
708,West,841.0,14.0,417.0,4072
709,North,2338.0,26.0,891.0,12790
710,East,2487.0,28.0,2234.0,30826
711,West,1343.0,15.0,1144.0,12264
712,East,3609.0,42.0,1397.0,12520
713,South,2034.0,24.0,733.0,6646
714,South,919.0,14.0,710.0,7532
715,South,,36.0,1491.0,10861
716,West,3740.0,43.0,1665.0,28619
717,West,2488.0,28.0,3204.0,8285
718,West,2432.0,32.0,1000.0,15670
719,North,3914.0,48.0,2121.0,27937
720,West,11745.0,27.0,,26073
721,West,805.0,17.0,378.0,3340
722,North,3249.0,39.0,1504.0,24147
723,North,1368.0,17.0,585.0,5237
724,West,,38.0,1797.0,14331
725,East,1635.0,17.0,563.0,5893
726,West,1934.0,22.0,1138.0,17890
727,North,705.0,13.0,538.0,3847
728,West,3756.0,42.0,841.0,6225
729,North,3953.0,47.0,822.0,13920
730,North,995.0,13.0,259.0,4408
731,North,3950.0,40.0,2483.0,24058
732,West,3618.0,45.0,3197.0,46350
733,East,2409.0,30.0,491.0,4631
734,East,3051.0,39.0,2896.0,32803
735,South,1545.0,18.0,440.0,35982
736,West,712.0,15.0,622.0,4689
737,South,809.0,10.0,474.0,6058
738,West,3208.0,36.0,2334.0,30130
739,South,2491.0,28.0,1516.0,16132
740,South,3300.0,34.0,1919.0,22144
741,South,771.0,15.0,669.0,9517
742,South,,25.0,1869.0,10405
743,West,3485.0,39.0,2045.0,14076
744,East,3773.0,47.0,1092.0,7407
745,North,2579.0,32.0,754.0,14570
746,West,4710.0,17.0,792.0,12510
747,South,2709.0,29.0,6756.0,18826
748,East,3314.0,40.0,1940.0,10613
749,West,753.0,14.0,561.0,10058
750,East,,19.0,905.0,11880
751,North,1476.0,22.0,1038.0,15718
752,West,509.0,6.0,412.0,4494
753,East,3273.0,41.0,2658.0,15164
754,South,3052.0,34.0,1480.0,15985
755,North,3332.0,35.0,1397.0,22151
756,West,2083.0,24.0,1752.0,13534
757,East,2983.0,36.0,1497.0,16973
758,East,1634.0,19.0,1508.0,11858
759,West,652.0,12.0,167.0,2745
760,West,2158.0,28.0,532.0,7190
761,North,3464.0,43.0,3262.0,26675
762,South,3416.0,41.0,2455.0,25201
763,North,3673.0,45.0,1850.0,21542
764,West,3300.0,36.0,2653.0,23465
765,North,2356.0,28.0,1738.0,30310
766,East,1714.0,23.0,4284.0,5473
767,West,2252.0,30.0,629.0,6641
768,West,,40.0,2643.0,17612
769,South,1604.0,17.0,1432.0,8535
770,West,3036.0,38.0,1025.0,10621
771,North,1394.0,22.0,1227.0,8841
772,West,1611.0,22.0,1454.0,20729
773,North,3765.0,42.0,2408.0,18371
774,South,603.0,9.0,437.0,5251
775,West,3667.0,40.0,1855.0,13327
776,North,3994.0,46.0,1699.0,12353
777,North,2414.0,32.0,1877.0,19651
778,West,3769.0,45.0,3353.0,60875
779,West,3572.0,37.0,2583.0,38327
780,East,1506.0,21.0,918.0,11660
781,East,906.0,16.0,296.0,11394
782,East,1901.0,26.0,462.0,6164
783,North,666.0,16.0,371.0,2451
784,South,1008.0,15.0,241.0,1718
785,North,2161.0,23.0,1416.0,20545
786,West,2860.0,31.0,1448.0,16476
787,East,3989.0,44.0,3214.0,47702
788,South,1262.0,18.0,561.0,2975
789,South,,21.0,796.0,11929
790,West,3024.0,31.0,1906.0,27841
791,North,2620.0,29.0,534.0,7350
792,East,1664.0,22.0,429.0,2400
793,East,1081.0,14.0,467.0,3611
794,East,761.0,12.0,689.0,9816
795,North,1863.0,22.0,592.0,6574
796,West,1831.0,22.0,1408.0,21263
797,West,2792.0,29.0,2733.0,53276
798,East,2038.0,28.0,1697.0,12949
799,East,3908.0,43.0,1541.0,16582
800,West,1060.0,18.0,982.0,15274
801,West,1599.0,18.0,439.0,3793
802,North,2403.0,26.0,1381.0,11646
803,East,,13.0,613.0,5862
804,East,2656.0,29.0,1894.0,16777
805,South,2730.0,33.0,1449.0,17594
806,West,691.0,9.0,300.0,2221
807,West,564.0,10.0,282.0,5397
808,West,3510.0,42.0,2131.0,14247
809,South,1997.0,28.0,909.0,10011
810,North,3671.0,40.0,3580.0,49455
811,West,2067.0,30.0,1956.0,16140
812,West,3411.0,36.0,3058.0,25877
813,North,1651.0,25.0,887.0,89436
814,West,2437.0,32.0,1835.0,33100
815,West,868.0,13.0,801.0,8154
816,East,1350.0,14.0,1188.0,11143
817,East,542.0,6.0,288.0,2462
818,South,2407.0,26.0,698.0,3996
819,North,3990.0,49.0,,15846
820,South,,32.0,2008.0,26610
821,West,577.0,8.0,412.0,4311
822,North,3373.0,40.0,2968.0,57497
823,South,2324.0,30.0,1009.0,5810
824,South,1793.0,25.0,599.0,6959
825,East,1173.0,21.0,590.0,5595
826,West,1200.0,18.0,579.0,7125
827,South,1258.0,21.0,385.0,3687
828,South,2423.0,30.0,1788.0,13565
829,West,,35.0,1988.0,31415
830,South,3886.0,40.0,3019.0,36879
831,North,,40.0,1674.0,17027
832,South,1401.0,23.0,645.0,8613
833,North,3436.0,42.0,1986.0,21089
834,North,1492.0,19.0,1346.0,21437
835,South,1691.0,22.0,393.0,2441
836,South,2886.0,34.0,2435.0,16283
837,West,2740.0,33.0,5428.0,14391
838,South,1976.0,23.0,,19099
839,East,2830.0,33.0,2382.0,27286
840,East,3907.0,41.0,1871.0,16771
841,North,889.0,10.0,671.0,5040
842,East,1499.0,16.0,,4290
843,North,1024.0,17.0,939.0,14511
844,West,3811.0,40.0,7980.0,30370
845,North,2355.0,28.0,1329.0,11406
846,South,2006.0,25.0,1534.0,7789
847,North,1158.0,19.0,992.0,16158
848,West,3263.0,35.0,,10011
849,East,1390.0,20.0,1013.0,5899
850,East,1981.0,21.0,1017.0,30672
851,North,3660.0,44.0,,21968
852,West,3666.0,46.0,2757.0,35958
853,North,951.0,15.0,485.0,7173
854,West,2975.0,35.0,1419.0,14685
855,North,3722.0,41.0,3233.0,50873
856,North,2037.0,23.0,572.0,4977
857,North,3947.0,48.0,2924.0,50632
858,South,3593.0,41.0,1434.0,15370
859,East,1382.0,22.0,294.0,3187
860,North,812.0,17.0,1084.0,2501
861,West,1339.0,18.0,918.0,6851
862,South,3066.0,40.0,2353.0,22700
863,East,3777.0,40.0,819.0,9137
864,South,874.0,18.0,200.0,1190
865,South,950.0,14.0,876.0,12707
866,East,3562.0,42.0,921.0,13635
867,North,1094.0,17.0,1001.0,13605
868,North,3750.0,44.0,1434.0,27032
869,West,1733.0,19.0,1373.0,12127
870,West,999.0,17.0,447.0,3053
871,South,963.0,16.0,854.0,4607
872,North,3695.0,38.0,2810.0,39727
873,East,612.0,8.0,319.0,1792
874,South,1535.0,22.0,401.0,5849
875,North,3697.0,38.0,2906.0,24251
876,North,2878.0,30.0,1996.0,20881
877,West,2424.0,25.0,490.0,8424
878,East,3854.0,47.0,800.0,5750
879,North,639.0,10.0,541.0,5225
880,North,1924.0,23.0,784.0,11642
881,North,3449.0,36.0,2445.0,24668
882,East,3668.0,,2066.0,14822
883,North,1016.0,19.0,905.0,8873
884,North,3116.0,38.0,,224778
885,West,2447.0,28.0,2441.0,279144
886,North,3393.0,40.0,1096.0,18982
887,East,,38.0,3241.0,25429
888,North,2665.0,34.0,1100.0,12346
889,North,1387.0,16.0,933.0,11699
890,North,3630.0,,2195.0,42201
891,West,3604.0,44.0,773.0,6757
892,West,1841.0,19.0,1742.0,19419
893,West,549.0,,144.0,2301
894,South,518.0,7.0,,5695
895,East,1225.0,18.0,1014.0,6649
896,North,2744.0,28.0,2295.0,21701
897,North,1973.0,25.0,608.0,5736
898,West,3106.0,38.0,1733.0,11736
899,North,,11.0,821.0,11784
900,North,2836.0,30.0,1254.0,19085
901,North,1664.0,24.0,955.0,13688
902,North,1607.0,22.0,672.0,4991
903,North,2938.0,32.0,1677.0,12410
904,East,714.0,9.0,650.0,4618
905,South,2049.0,24.0,1156.0,9136
906,West,2762.0,31.0,1781.0,29787
907,West,3974.0,47.0,2079.0,17821
908,South,627.0,14.0,356.0,1937
909,North,2345.0,25.0,497.0,5776
910,South,,20.0,538.0,4930
911,East,2951.0,38.0,1621.0,15414
912,North,3600.0,42.0,2545.0,43901
913,East,2315.0,29.0,1296.0,7750
914,South,14425.0,30.0,1357.0,98022
915,East,3378.0,38.0,1724.0,14446
916,South,3261.0,34.0,1284.0,10400
917,North,860.0,13.0,808.0,15047
918,West,1068.0,13.0,659.0,6412
919,West,1915.0,24.0,404.0,6001
920,North,2765.0,37.0,2384.0,6006
921,West,2097.0,24.0,2052.0,26867
922,South,2192.0,30.0,,10638
923,West,701.0,10.0,592.0,10634
924,West,2564.0,32.0,632.0,10999
925,South,2869.0,33.0,2688.0,29089
926,North,1017.0,18.0,915.0,8907
927,North,1848.0,24.0,1214.0,18327
928,East,1935.0,27.0,,4852
929,East,1841.0,19.0,748.0,3820
930,North,1180.0,18.0,620.0,7570
931,North,2488.0,26.0,1413.0,24674
932,West,3653.0,38.0,1601.0,20596
933,West,1991.0,28.0,451.0,4757
934,East,924.0,16.0,621.0,8519
935,North,2468.0,,1528.0,13028
936,North,2212.0,28.0,943.0,8660
937,North,,47.0,870.0,13429
938,West,3566.0,43.0,3551.0,39351
939,North,2934.0,32.0,1718.0,27092
940,East,1277.0,19.0,1028.0,6761
941,North,2645.0,30.0,1486.0,14532
942,East,3916.0,42.0,918.0,6028
943,East,2326.0,32.0,1041.0,15125
944,West,707.0,9.0,322.0,3790
945,North,2037.0,21.0,1774.0,19308
946,North,2159.0,24.0,1562.0,10441
947,North,3133.0,38.0,1317.0,11187
948,West,2713.0,28.0,2643.0,31649
949,West,521.0,11.0,238.0,1759
950,East,653.0,14.0,652.0,6590
951,East,2462.0,34.0,2454.0,23436
952,East,3866.0,47.0,1365.0,17297
953,North,718.0,13.0,323.0,4870
954,West,1168.0,15.0,688.0,8461
955,South,2018.0,28.0,1476.0,10696
956,South,2777.0,35.0,1729.0,21212
957,East,2567.0,29.0,2504.0,30245
958,North,3100.0,40.0,2415.0,20510
959,North,1449.0,16.0,536.0,9858
960,West,2695.0,30.0,766.0,5620
961,North,3679.0,39.0,2762.0,19929
962,East,902.0,10.0,295.0,2028
963,North,1095.0,15.0,3636.0,16656
964,South,2914.0,34.0,1308.0,13342
965,North,1937.0,25.0,894.0,14968
966,South,3880.0,44.0,810.0,35376
967,West,3349.0,34.0,2548.0,32800
968,North,3465.0,38.0,1007.0,11236
969,East,1657.0,18.0,1356.0,18005
970,South,2242.0,,1331.0,6956
971,East,1806.0,23.0,1494.0,11113
972,West,572.0,12.0,382.0,3241
973,West,980.0,18.0,261.0,4612
974,North,3923.0,40.0,3188.0,40099
975,North,1059.0,15.0,,3186
976,North,3897.0,40.0,2272.0,28044
977,East,1244.0,21.0,420.0,6182
978,North,1966.0,27.0,1576.0,27664
979,South,,13.0,557.0,6719
980,East,,21.0,1018.0,8047
981,South,3055.0,,1899.0,12632
982,West,2805.0,30.0,2275.0,42039
983,North,912.0,13.0,186.0,2232
984,North,1588.0,23.0,1484.0,15024
985,West,3142.0,34.0,1125.0,14200
986,South,1677.0,19.0,,23480
987,East,2508.0,27.0,1979.0,17555
988,South,2813.0,29.0,2305.0,24494
989,North,1320.0,18.0,957.0,16210
990,West,3650.0,42.0,2107.0,25395
991,West,3886.0,45.0,2554.0,24355
992,East,1161.0,21.0,1100.0,4110
993,North,3494.0,39.0,2443.0,46259
994,East,5295.0,12.0,742.0,9969
995,South,3464.0,41.0,3162.0,37576
996,North,3438.0,39.0,2078.0,21473
997,West,1771.0,24.0,463.0,8507
998,North,2313.0,26.0,1029.0,10375
999,West,3415.0,,2474.0,41837
1000,South,1109.0,17.0,434.0,6155
1001,North,2961.0,31.0,5028.0,18024
1002,East,,12.0,449.0,5851
1003,West,2528.0,32.0,1687.0,28328
1004,West,783.0,15.0,475.0,4280
1005,West,1972.0,21.0,897.0,13619
1006,East,3428.0,38.0,2690.0,15964
1007,East,,15.0,344.0,3467
1008,West,1591.0,,1256.0,64878
1009,North,1530.0,20.0,392.0,4670
1010,South,1316.0,15.0,1173.0,15636
1011,North,3708.0,44.0,2224.0,42997
1012,West,,38.0,2057.0,21873
1013,West,582.0,13.0,401.0,5380
1014,North,2420.0,30.0,1692.0,22245
1015,West,,47.0,1220.0,23067
1016,West,3644.0,39.0,2933.0,37312
1017,North,3808.0,41.0,1602.0,24973
1018,East,2593.0,33.0,2396.0,34066
1019,West,,13.0,954.0,10832
1020,North,3475.0,36.0,1658.0,30221
1021,East,2809.0,37.0,2377.0,33693
1022,North,675.0,16.0,327.0,6082
1023,West,,24.0,474.0,4747
1024,West,3204.0,39.0,12424.0,36355
1025,West,1341.0,16.0,968.0,17245
1026,South,869.0,11.0,491.0,4218
1027,West,2318.0,30.0,1201.0,17178
1028,West,2601.0,35.0,1196.0,9610
1029,South,1189.0,13.0,1171.0,6514
1030,West,3990.0,44.0,1228.0,14559
1031,North,2279.0,29.0,1030.0,14447
1032,East,1864.0,26.0,1097.0,9793
1033,North,3698.0,44.0,2154.0,30179
1034,North,1932.0,21.0,1115.0,14714
1035,North,866.0,13.0,295.0,4547
1036,East,3842.0,43.0,1214.0,13955
1037,South,1143.0,12.0,462.0,4270
1038,West,2926.0,30.0,2726.0,32780
1039,North,572.0,9.0,166.0,1383
1040,South,3462.0,38.0,2790.0,28269
1041,East,1771.0,26.0,1427.0,15514
1042,West,1359.0,23.0,1152.0,14624
1043,South,542.0,6.0,493.0,4071
1044,East,2924.0,31.0,1200.0,14660
1045,West,1564.0,18.0,594.0,4438
1046,East,2717.0,31.0,1555.0,21995
1047,North,2759.0,30.0,1137.0,7696
1048,North,2016.0,27.0,1587.0,30170
1049,West,2586.0,35.0,1833.0,22932
1050,North,868.0,16.0,781.0,9266
1051,West,3304.0,39.0,879.0,51864
1052,East,650.0,8.0,606.0,3091
1053,West,1634.0,25.0,710.0,7151
1054,West,2003.0,25.0,,9404
1055,West,1959.0,25.0,1079.0,16269
1056,South,1570.0,22.0,1269.0,10394
1057,West,1523.0,24.0,817.0,13459
1058,South,2098.0,29.0,2003.0,14160
1059,South,3284.0,41.0,3028.0,42399
1060,East,2540.0,33.0,2280.0,23324
1061,West,1889.0,20.0,,3874
1062,West,568.0,7.0,502.0,5879
1063,West,2846.0,36.0,2349.0,21582
1064,South,1443.0,19.0,408.0,2855
1065,South,1301.0,22.0,1488.0,3744
1066,West,2843.0,30.0,799.0,12172
1067,North,2750.0,36.0,575.0,10552
1068,North,560.0,14.0,358.0,4664
1069,South,1445.0,23.0,1414.0,20727
1070,North,3510.0,39.0,1934.0,36246
1071,North,1837.0,19.0,1162.0,20621
1072,North,1684.0,18.0,1641.0,21333
1073,North,830.0,13.0,335.0,2791
1074,North,2051.0,23.0,1819.0,16976
1075,West,837.0,16.0,533.0,7952
1076,South,2129.0,26.0,1396.0,12868
1077,South,1827.0,23.0,867.0,5608
1078,East,2026.0,22.0,1315.0,12874
1079,North,2173.0,29.0,562.0,3780
1080,West,1861.0,27.0,1511.0,24237
1081,West,2073.0,22.0,887.0,6614
1082,North,3186.0,34.0,2900.0,42568
1083,South,,12.0,383.0,4952
1084,West,1687.0,22.0,530.0,4359
1085,West,2866.0,31.0,2169.0,28723
1086,South,3136.0,32.0,1040.0,13302
1087,East,3051.0,40.0,2450.0,18636
1088,North,2934.0,30.0,2859.0,24639
1089,West,2493.0,29.0,2053.0,22334
1090,North,1369.0,16.0,298.0,4086
1091,West,3380.0,38.0,2298.0,32123
1092,East,1514.0,23.0,1145.0,7224
1093,East,,32.0,2074.0,19860
1094,East,1102.0,,270.0,2074
1095,North,2299.0,28.0,1343.0,23430
1096,North,1190.0,19.0,748.0,7911
1097,North,993.0,13.0,,5795
1098,North,989.0,14.0,453.0,5468
1099,West,3268.0,,1805.0,28782
1100,South,3644.0,37.0,3158.0,31898
1101,North,3056.0,33.0,2883.0,42050
1102,West,889.0,14.0,625.0,7275
1103,West,794.0,11.0,410.0,6760
1104,West,1892.0,21.0,763.0,9177
1105,West,3343.0,34.0,3295.0,41013
1106,North,3412.0,37.0,3366.0,44532
1107,South,2217.0,23.0,2084.0,27755
1108,West,3096.0,32.0,2565.0,38659
1109,East,1148.0,12.0,529.0,4492
1110,North,2373.0,32.0,2026.0,30824
1111,West,1067.0,14.0,562.0,8347
1112,North,3758.0,39.0,1734.0,32258
1113,North,3400.0,41.0,2706.0,47188
1114,East,3317.0,36.0,875.0,10040
1115,East,944.0,17.0,225.0,1893
1116,East,862.0,13.0,481.0,6155
1117,North,2670.0,31.0,1486.0,20771
1118,West,1711.0,22.0,1568.0,30276
1119,North,,18.0,373.0,3625
1120,North,2541.0,32.0,759.0,5719
1121,West,1179.0,16.0,375.0,2778
1122,West,2967.0,38.0,664.0,9841
1123,West,3823.0,44.0,,18411
1124,West,,22.0,1559.0,10173
1125,East,2072.0,22.0,1130.0,13851
1126,East,1858.0,28.0,1507.0,17437
1127,North,2639.0,32.0,2623.0,42020
1128,South,562.0,14.0,1636.0,3499
1129,South,3059.0,38.0,735.0,9706
1130,North,8310.0,23.0,471.0,3335
1131,West,3756.0,42.0,3398.0,55457
1132,South,1728.0,24.0,1075.0,8246
1133,North,3319.0,,2854.0,36243
1134,North,3785.0,45.0,3351.0,57618
1135,East,755.0,9.0,711.0,5484
1136,North,634.0,15.0,609.0,5425
1137,West,1374.0,18.0,885.0,13591
1138,South,,16.0,625.0,6459
1139,South,2635.0,30.0,2555.0,25918
1140,East,3535.0,39.0,2255.0,17065
1141,West,3778.0,40.0,950.0,6606
1142,South,18500.0,38.0,2643.0,24058
1143,East,1322.0,14.0,886.0,5374
1144,East,17870.0,44.0,3276.0,46060
1145,North,1473.0,17.0,1064.0,7487
1146,West,3481.0,40.0,1668.0,20202
1147,West,2277.0,27.0,2215.0,15902
1148,East,620.0,14.0,522.0,3109
1149,West,3956.0,42.0,2786.0,41972
1150,West,2137.0,30.0,928.0,13839
1151,West,3609.0,,1800.0,12473
1152,West,1864.0,26.0,1372.0,8938
1153,East,,16.0,388.0,2246
1154,East,1424.0,16.0,577.0,7288
1155,East,1144.0,15.0,882.0,9566
1156,West,2532.0,29.0,1479.0,10346
1157,North,3261.0,36.0,1702.0,21863
1158,West,3407.0,41.0,1094.0,17237
1159,West,2568.0,34.0,1421.0,25289
1160,North,741.0,9.0,605.0,11279
1161,West,3002.0,34.0,1234.0,13274
1162,North,3510.0,38.0,717.0,5927
1163,South,3168.0,34.0,,17156
1164,West,2850.0,34.0,2788.0,46254
1165,North,2119.0,25.0,1452.0,27776
1166,West,1302.0,19.0,385.0,4837
1167,West,1463.0,17.0,668.0,6994
1168,East,568.0,10.0,508.0,4720
1169,North,1652.0,23.0,638.0,6675
1170,North,695.0,12.0,477.0,4691
1171,East,2687.0,30.0,1403.0,15345
1172,West,2830.0,36.0,1037.0,6953
1173,East,2859.0,36.0,2432.0,18472
1174,North,1245.0,15.0,989.0,14932
1175,East,2188.0,28.0,1596.0,8492
1176,East,776.0,12.0,302.0,1761
1177,West,560.0,11.0,156.0,1609
1178,North,3890.0,44.0,,46050
1179,West,2413.0,31.0,1551.0,25504
1180,East,2599.0,31.0,911.0,4757
1181,West,2700.0,30.0,661.0,8608
1182,South,2272.0,28.0,601.0,4656
1183,East,1834.0,25.0,1823.0,20940
1184,West,2337.0,28.0,1932.0,30681
1185,North,3091.0,36.0,2898.0,51344
1186,West,1066.0,20.0,380.0,4819
1187,East,3960.0,43.0,3835.0,57312
1188,North,2071.0,27.0,651.0,12525
1189,South,1121.0,12.0,681.0,9413
1190,West,2525.0,30.0,2181.0,30476
1191,North,1700.0,25.0,816.0,9526
1192,East,3933.0,44.0,2123.0,18351
1193,South,,17.0,246.0,1260
1194,East,3354.0,40.0,1001.0,7499
1195,North,3395.0,42.0,2362.0,224550
1196,West,2644.0,34.0,1958.0,28092
1197,West,3428.0,37.0,2817.0,51871
1198,West,1736.0,24.0,1120.0,8008
1199,West,3376.0,41.0,2419.0,20606
1200,North,636.0,12.0,134.0,2246
1201,West,,22.0,,5625
1202,North,3558.0,38.0,3515.0,28255
1203,North,2656.0,,,13482
1204,South,3094.0,32.0,2299.0,29594
1205,South,3610.0,37.0,1231.0,11187
1206,West,,15.0,898.0,15449
1207,East,2972.0,33.0,2273.0,26835
1208,South,3177.0,33.0,1231.0,15880
1209,North,2808.0,35.0,1167.0,119718
1210,West,3997.0,44.0,2893.0,131946
1211,South,586.0,8.0,1200.0,3369
1212,South,3012.0,35.0,,5428
1213,North,2623.0,32.0,2060.0,14554
1214,West,3018.0,39.0,976.0,17814
1215,East,2961.0,34.0,2619.0,26912
1216,North,3372.0,36.0,2063.0,33146
1217,North,3442.0,39.0,979.0,17035
1218,East,3273.0,36.0,2472.0,35834
1219,East,3004.0,32.0,1848.0,25306
1220,North,1808.0,19.0,793.0,10137
1221,West,3810.0,40.0,2050.0,22279
1222,North,2200.0,28.0,965.0,8211
1223,South,3200.0,40.0,1313.0,11821
1224,West,3219.0,35.0,1065.0,11997
1225,South,3943.0,48.0,1933.0,20482
1226,East,994.0,19.0,398.0,4639
1227,South,2147.0,23.0,1603.0,23698
1228,North,2442.0,32.0,1824.0,29127
1229,West,1568.0,21.0,943.0,14021
1230,South,1924.0,23.0,,13211
1231,West,3818.0,43.0,3333.0,23160
1232,North,1096.0,15.0,728.0,7459
1233,North,949.0,17.0,660.0,10883
1234,North,984.0,14.0,419.0,3842
1235,East,1145.0,17.0,1049.0,12716
1236,South,3167.0,34.0,695.0,7504
1237,West,3589.0,41.0,1719.0,15014
1238,South,2129.0,27.0,6620.0,12605
1239,West,1161.0,17.0,307.0,3976
1240,North,1257.0,15.0,436.0,5205
1241,West,788.0,15.0,529.0,52758
1242,West,3985.0,44.0,2582.0,41434
1243,West,,20.0,965.0,13481
1244,West,,,967.0,16622
1245,West,2782.0,35.0,843.0,11646
1246,East,2963.0,39.0,636.0,9314
1247,North,17425.0,36.0,2620.0,24429
1248,North,998.0,16.0,440.0,6945
1249,West,3521.0,41.0,2467.0,27900
1250,East,5665.0,17.0,363.0,2828
1251,West,2173.0,28.0,1250.0,11056
1252,South,2530.0,32.0,1527.0,16072
1253,North,3567.0,,2383.0,22165
1254,North,614.0,7.0,375.0,3414
1255,East,3479.0,38.0,2075.0,30929
1256,South,1173.0,14.0,547.0,7121
1257,North,2236.0,28.0,575.0,55986
1258,South,1757.0,26.0,477.0,6173
1259,North,3582.0,39.0,1959.0,37409
1260,East,2753.0,36.0,1334.0,14318
1261,North,2794.0,36.0,1712.0,16030
1262,West,3305.0,38.0,1467.0,25979
1263,South,3698.0,45.0,2775.0,34486
1264,South,646.0,12.0,576.0,5266
1265,North,2665.0,32.0,1170.0,14808
1266,North,3953.0,49.0,1401.0,16597
1267,South,911.0,16.0,267.0,3818
1268,South,2187.0,30.0,1516.0,12788
1269,East,2910.0,30.0,1615.0,23635
1270,North,2032.0,22.0,712.0,13053
1271,East,,14.0,460.0,5200
1272,West,3746.0,46.0,1194.0,16761
1273,West,,43.0,2484.0,28097
1274,North,3505.0,44.0,2179.0,14683
1275,South,518.0,9.0,408.0,2561
1276,North,2742.0,36.0,669.0,65448
1277,North,2877.0,,2619.0,33078
1278,West,2459.0,27.0,1875.0,15840
1279,North,2722.0,36.0,1015.0,10080
1280,South,1501.0,19.0,520.0,7529
1281,East,948.0,17.0,517.0,4483
1282,West,2448.0,31.0,2091.0,38265
1283,East,1445.0,,1263.0,10163
1284,North,9385.0,27.0,1157.0,15691
1285,South,2022.0,21.0,1797.0,9353
1286,East,640.0,11.0,131.0,1339
1287,North,3305.0,35.0,754.0,11144
1288,South,2420.0,26.0,2249.0,16515
1289,North,3477.0,36.0,2852.0,40003
1290,North,592.0,11.0,332.0,4951
1291,South,738.0,9.0,593.0,7038
1292,North,704.0,11.0,679.0,11267
1293,East,,34.0,2541.0,20616
1294,East,1956.0,,1709.0,18248
1295,West,744.0,9.0,602.0,11595
1296,North,1331.0,19.0,,8088
1297,North,3888.0,41.0,3370.0,63641
1298,North,3472.0,43.0,1236.0,14238
1299,East,794.0,16.0,726.0,9343
1300,West,3187.0,37.0,1807.0,26308
1301,North,1355.0,21.0,1005.0,7613
1302,West,3853.0,43.0,2303.0,39639
1303,North,2564.0,27.0,706.0,10803
1304,East,,8.0,247.0,1726
1305,West,1792.0,,1769.0,13332
1306,West,1848.0,19.0,1790.0,31113
1307,West,804.0,16.0,367.0,2762
1308,West,1530.0,24.0,1525.0,11724
1309,South,1837.0,22.0,1610.0,14931
1310,West,1316.0,16.0,906.0,7477
1311,North,1626.0,18.0,377.0,6928
1312,West,1320.0,18.0,1216.0,15338
1313,East,692.0,10.0,447.0,4779
1314,West,2276.0,30.0,,37818
1315,South,1028.0,16.0,892.0,9190
1316,East,2718.0,28.0,2355.0,20102
1317,East,750.0,16.0,569.0,7381
1318,West,2288.0,25.0,,12147
1319,North,3958.0,45.0,1856.0,19748
1320,North,3778.0,47.0,1688.0,26843
1321,North,3088.0,39.0,667.0,11286
1322,North,2526.0,27.0,1682.0,28245
1323,West,2963.0,39.0,2249.0,43203
1324,North,3341.0,38.0,2950.0,49344
1325,West,1903.0,25.0,594.0,9806
1326,South,1667.0,20.0,1059.0,14376
1327,North,2572.0,29.0,531.0,3453
1328,West,3215.0,40.0,888.0,59736
1329,East,1596.0,18.0,388.0,4802
1330,South,3179.0,34.0,2481.0,27284
1331,East,2347.0,28.0,,4214
1332,West,3664.0,43.0,2833.0,29601
1333,North,1004.0,12.0,401.0,4362
1334,West,2121.0,26.0,1914.0,26570
1335,West,2883.0,36.0,2452.0,42446
1336,East,2972.0,38.0,2872.0,41141
1337,North,3046.0,37.0,2763.0,44902
1338,East,1887.0,27.0,1786.0,23985
1339,North,3494.0,44.0,3099.0,39082
1340,North,3177.0,37.0,2398.0,27738
1341,North,1722.0,22.0,579.0,6719
1342,South,1217.0,16.0,508.0,5669
1343,West,3984.0,49.0,1475.0,11970
1344,West,838.0,13.0,572.0,8027
1345,West,1158.0,14.0,698.0,10572
1346,South,1461.0,23.0,1306.0,12262
1347,South,928.0,16.0,893.0,12977
1348,South,1398.0,22.0,732.0,8112
1349,West,638.0,9.0,386.0,3613
1350,North,3489.0,39.0,3409.0,43396
1351,West,1041.0,15.0,438.0,6693
1352,East,2604.0,,,17889
1353,South,1755.0,19.0,667.0,3866
1354,West,3205.0,36.0,2388.0,33634
1355,South,14910.0,35.0,1201.0,17389
1356,West,883.0,16.0,801.0,10258
1357,West,3107.0,36.0,2017.0,36870
1358,South,,8.0,242.0,3231
1359,North,3081.0,38.0,1169.0,9839
1360,East,3065.0,39.0,1824.0,22037
1361,West,3263.0,40.0,3163.0,38465
1362,North,3298.0,37.0,2690.0,26236
1363,East,2732.0,35.0,1614.0,19157
1364,East,2395.0,29.0,1126.0,13992
1365,West,2839.0,37.0,1815.0,16042
1366,North,3906.0,44.0,3120.0,57370
1367,West,,13.0,1018.0,16558
1368,West,2663.0,36.0,1224.0,22808
1369,North,3372.0,39.0,,27830
1370,North,3620.0,42.0,2629.0,49192
1371,West,1184.0,16.0,1145.0,12928
1372,North,581.0,12.0,549.0,3954
1373,West,3381.0,42.0,2811.0,46153
1374,South,2880.0,32.0,2243.0,26995
1375,North,3104.0,36.0,1301.0,18569
1376,West,2882.0,31.0,2527.0,32519
1377,South,,12.0,559.0,2975
1378,East,2483.0,32.0,1037.0,11662
1379,South,720.0,13.0,365.0,3346
1380,East,1134.0,15.0,,10443
1381,North,2269.0,28.0,724.0,8747
1382,South,2870.0,30.0,1621.0,23765
1383,West,2374.0,31.0,1410.0,20238
1384,North,502.0,13.0,115.0,1868
1385,East,2217.0,31.0,791.0,11362
1386,South,705.0,15.0,607.0,6626
1387,West,2355.0,29.0,2036.0,13553
1388,North,539.0,8.0,234.0,1625
1389,West,2606.0,35.0,2345.0,36653
1390,South,3498.0,41.0,2859.0,22274
1391,North,3121.0,36.0,1668.0,23405
1392,North,,14.0,913.0,8335
1393,North,2030.0,26.0,,19696
1394,East,2407.0,27.0,1365.0,13713
1395,South,3390.0,40.0,1325.0,19551
1396,West,3693.0,41.0,14084.0,51095
1397,South,3166.0,34.0,2162.0,31050
1398,North,2643.0,34.0,751.0,14248
1399,East,3985.0,44.0,2623.0,18574
1400,West,3806.0,47.0,2285.0,24097
1401,North,1397.0,21.0,1236.0,20406
1402,North,1585.0,18.0,990.0,17590
1403,North,1779.0,22.0,719.0,9527
1404,West,3108.0,36.0,2302.0,44686
1405,East,3452.0,38.0,2189.0,11198
1406,South,2895.0,38.0,1119.0,8947
1407,West,1170.0,17.0,771.0,11257
1408,West,3695.0,39.0,3167.0,39907
1409,East,2005.0,23.0,447.0,2756
1410,West,2864.0,38.0,2018.0,22766
1411,North,1218.0,19.0,584.0,3989
1412,North,,18.0,682.0,10132
1413,North,3980.0,49.0,,37044
1414,North,2455.0,29.0,1163.0,20938
1415,East,1659.0,26.0,1436.0,17225
1416,West,3772.0,40.0,1584.0,19887
1417,North,749.0,11.0,589.0,7749
1418,North,2861.0,,787.0,6516
1419,South,2392.0,26.0,2299.0,19335
1420,West,3939.0,40.0,2749.0,24577
1421,South,2353.0,31.0,1801.0,23795
1422,East,3354.0,35.0,1470.0,20797
1423,North,2003.0,28.0,1061.0,14302
1424,North,3885.0,42.0,1473.0,23510
1425,West,,45.0,3714.0,30006
1426,West,3032.0,37.0,1790.0,25796
1427,North,1734.0,18.0,1221.0,19092
1428,West,543.0,11.0,428.0,5301
1429,East,3118.0,38.0,1549.0,69078
1430,West,1082.0,17.0,840.0,15041
1431,South,3663.0,41.0,2714.0,33733
1432,East,1788.0,19.0,1367.0,19136
1433,South,3442.0,43.0,2036.0,26843
1434,East,719.0,11.0,1456.0,5425
1435,North,2425.0,31.0,916.0,8242
1436,North,3472.0,42.0,2985.0,22769
1437,South,2948.0,31.0,2024.0,16941
1438,West,3971.0,41.0,8824.0,18039
1439,North,3274.0,41.0,3127.0,41591
1440,East,1490.0,23.0,355.0,4022
1441,West,3446.0,41.0,,42516
1442,North,2312.0,31.0,2308.0,22780
1443,East,1357.0,17.0,1234.0,17385
1444,South,1303.0,15.0,1105.0,5759
1445,West,989.0,17.0,494.0,5446
1446,North,2280.0,31.0,878.0,13914
1447,East,1993.0,21.0,1570.0,19891
1448,West,3485.0,44.0,1546.0,18412
1449,West,3391.0,38.0,1156.0,7768
1450,East,2205.0,26.0,1828.0,20438
1451,South,,41.0,1728.0,9730
1452,East,2814.0,34.0,2621.0,15932
1453,West,553.0,7.0,482.0,7207
1454,East,3075.0,37.0,2700.0,21937
1455,North,1115.0,13.0,911.0,10043
1456,West,1582.0,25.0,1431.0,18358
1457,East,2348.0,25.0,1983.0,29320
1458,East,3611.0,43.0,2463.0,36094
1459,North,3808.0,,1663.0,19809
1460,East,1454.0,22.0,1324.0,10135
1461,South,2933.0,34.0,2559.0,20538
1462,East,2129.0,29.0,1231.0,9464
1463,North,3281.0,37.0,759.0,10185
1464,East,,40.0,2319.0,25668
1465,West,1149.0,17.0,276.0,3548
1466,North,2847.0,33.0,2679.0,31623
1467,West,894.0,13.0,867.0,8017
1468,South,3778.0,45.0,1328.0,13048
1469,West,1859.0,24.0,1378.0,15068
1470,West,3140.0,36.0,860.0,11645
1471,East,3061.0,32.0,2399.0,28193
1472,West,3749.0,39.0,1791.0,26387
1473,West,2943.0,34.0,2192.0,27427
1474,South,870.0,12.0,434.0,4583
1475,South,1357.0,16.0,429.0,3367
1476,East,1290.0,17.0,677.0,3549
1477,West,1157.0,16.0,336.0,4914
1478,West,3889.0,43.0,10292.0,25173
1479,West,3283.0,37.0,764.0,11610
1480,South,1892.0,22.0,1177.0,14677
1481,West,883.0,16.0,803.0,14781
1482,North,2609.0,35.0,2271.0,43048
1483,East,3052.0,36.0,2766.0,14121
1484,North,738.0,11.0,,13407
1485,South,694.0,9.0,197.0,2331
1486,South,3225.0,34.0,977.0,11172
1487,South,3793.0,43.0,2449.0,12618
1488,East,2608.0,33.0,2387.0,32493
1489,South,,26.0,1618.0,10444
1490,South,3537.0,42.0,838.0,11207
1491,North,3232.0,37.0,1566.0,10496
1492,South,2515.0,31.0,931.0,10669
1493,North,655.0,10.0,527.0,6404
1494,North,3949.0,44.0,2812.0,25617
1495,East,1422.0,22.0,421.0,2558
1496,East,3415.0,35.0,2004.0,18840
1497,East,3450.0,36.0,2582.0,96564
1498,South,2109.0,28.0,1736.0,17125
1499,South,3546.0,40.0,766.0,8619
1500,West,1474.0,20.0,1345.0,23209
1501,East,1730.0,,1134.0,13366
1502,South,14675.0,38.0,2493.0,14090
1503,North,2314.0,24.0,1958.0,20552
1504,South,3434.0,39.0,1208.0,9519
1505,South,1337.0,22.0,385.0,5448
1506,South,2507.0,29.0,1948.0,26644
1507,East,1863.0,27.0,606.0,5273
1508,East,2887.0,35.0,2540.0,14507
1509,East,703.0,10.0,549.0,7654
1510,West,660.0,11.0,576.0,10395
1511,West,891.0,11.0,391.0,6886
1512,West,1268.0,14.0,575.0,10054
1513,West,3122.0,39.0,2301.0,29322
1514,North,3081.0,32.0,694.0,6112
1515,North,1593.0,17.0,1244.0,15808
1516,North,3440.0,,2988.0,38634
1517,East,904.0,15.0,481.0,4762
1518,West,1107.0,20.0,899.0,12140
1519,North,2114.0,22.0,718.0,7072
1520,West,2040.0,27.0,934.0,10518
1521,North,3375.0,39.0,3306.0,40149
1522,West,3691.0,45.0,3651.0,29955
1523,South,2337.0,30.0,1426.0,13623
1524,North,1189.0,16.0,1126.0,19183
1525,South,3449.0,38.0,2132.0,28314
1526,North,1740.0,23.0,754.0,8935
1527,North,2603.0,32.0,1076.0,14251
1528,South,865.0,18.0,816.0,4355
1529,West,2222.0,27.0,751.0,11466
1530,East,954.0,18.0,633.0,5726
1531,South,603.0,11.0,389.0,3678
1532,East,,8.0,456.0,6264
1533,West,729.0,13.0,437.0,5464
1534,North,2437.0,33.0,1018.0,6897
1535,South,3829.0,41.0,1285.0,9348
1536,North,3835.0,39.0,2672.0,33889
1537,North,2878.0,,2231.0,26810
1538,East,1705.0,20.0,1118.0,15209
1539,North,1392.0,19.0,1101.0,14916
1540,East,10365.0,24.0,649.0,7721
1541,West,3235.0,41.0,2931.0,36934
1542,North,,34.0,1714.0,20937
1543,East,3847.0,41.0,1160.0,10977
1544,North,2175.0,31.0,1239.0,14672
1545,West,798.0,14.0,699.0,9438
1546,South,1456.0,22.0,1337.0,10033
1547,West,3346.0,37.0,1378.0,24919
1548,East,1614.0,20.0,1241.0,10339
1549,North,3027.0,32.0,848.0,7138
1550,East,3120.0,36.0,708.0,25344
1551,West,3005.0,38.0,7792.0,78012
1552,East,,27.0,1492.0,13769
1553,West,864.0,16.0,723.0,6463
1554,West,3406.0,40.0,1608.0,10905
1555,North,2198.0,25.0,451.0,5980
1556,North,850.0,14.0,496.0,7609
1557,East,3971.0,41.0,845.0,4950
1558,South,2800.0,35.0,766.0,7361
1559,West,3328.0,42.0,1535.0,24817
1560,West,2404.0,25.0,1322.0,25535
1561,South,3350.0,36.0,1419.0,16562
1562,North,1511.0,,,9741
1563,West,,33.0,734.0,11608
1564,North,3464.0,43.0,1093.0,15600
1565,West,998.0,17.0,755.0,6986
1566,South,1449.0,20.0,455.0,6148
1567,East,2494.0,29.0,1775.0,16461
1568,North,2546.0,,621.0,11803
1569,East,5035.0,,530.0,6481
1570,South,1827.0,20.0,625.0,7154
1571,East,,34.0,877.0,10773
1572,North,3350.0,36.0,2190.0,27846
1573,West,3145.0,32.0,2965.0,38746
1574,West,665.0,12.0,162.0,2846
1575,North,,47.0,2141.0,32869
1576,North,15045.0,32.0,2305.0,41868
1577,North,1419.0,19.0,809.0,14627
1578,East,613.0,12.0,518.0,7648
1579,East,1491.0,22.0,2048.0,6145
1580,East,3927.0,40.0,3800.0,38087
1581,North,2451.0,32.0,1245.0,10784
1582,South,2754.0,32.0,1303.0,15706
1583,East,1758.0,26.0,1582.0,12523
1584,South,,43.0,2556.0,120072
1585,West,1014.0,16.0,622.0,5970
1586,North,1731.0,26.0,1353.0,24187
1587,East,1208.0,17.0,802.0,10971
1588,South,3696.0,41.0,1220.0,13798
1589,South,2685.0,35.0,1985.0,19314
1590,West,838.0,17.0,257.0,3916
1591,East,3084.0,35.0,2605.0,28843
1592,West,567.0,9.0,562.0,6690
1593,North,2096.0,29.0,1052.0,12030
1594,North,2064.0,26.0,1147.0,13163
1595,West,882.0,11.0,209.0,2959
1596,East,518.0,14.0,109.0,1251
1597,North,3230.0,35.0,3027.0,37452
1598,North,2621.0,28.0,794.0,15160
1599,North,1072.0,12.0,2388.0,4531
1600,West,3486.0,43.0,2971.0,32715
1601,North,1799.0,21.0,1640.0,19595
1602,South,3619.0,43.0,2228.0,11517
1603,North,2758.0,29.0,1798.0,20218
1604,South,3402.0,35.0,2503.0,19366
1605,North,2443.0,33.0,2368.0,30970
1606,East,1150.0,20.0,784.0,6557
1607,North,2145.0,24.0,1389.0,22141
1608,West,1493.0,21.0,316.0,4149
1609,North,3242.0,35.0,858.0,7024
1610,East,3087.0,35.0,2043.0,25539
1611,West,3762.0,39.0,3570.0,27810
1612,East,1838.0,23.0,1642.0,21987
1613,East,1400.0,15.0,1380.0,19754
1614,South,2184.0,23.0,1359.0,11177
1615,South,3327.0,40.0,2763.0,39404
1616,East,2085.0,,1819.0,23520
1617,West,2423.0,26.0,1741.0,32194
1618,East,2281.0,25.0,1074.0,12526
1619,East,1636.0,23.0,942.0,6930
1620,West,2717.0,28.0,2408.0,43654
1621,South,2444.0,26.0,1073.0,7342
1622,North,1537.0,23.0,1443.0,13376
1623,East,2238.0,28.0,859.0,6623
1624,West,787.0,10.0,629.0,6576
1625,North,2736.0,34.0,7708.0,25414
1626,East,3461.0,39.0,2768.0,33588
1627,North,3726.0,39.0,2049.0,37990
1628,East,2090.0,27.0,1977.0,11633
1629,North,3241.0,41.0,2288.0,43259
1630,South,2245.0,31.0,967.0,13744
1631,West,3435.0,42.0,2441.0,17580
1632,South,3018.0,33.0,1296.0,11150
1633,East,1598.0,19.0,695.0,9126
1634,West,2824.0,30.0,1468.0,21213
1635,West,1439.0,19.0,1269.0,21101
1636,North,3914.0,43.0,2349.0,37226
1637,South,1948.0,26.0,1448.0,14433
1638,North,1070.0,15.0,550.0,3870
1639,West,3404.0,,1399.0,19720
1640,West,1500.0,17.0,1446.0,10312
1641,East,1705.0,23.0,1164.0,12847
1642,West,3005.0,37.0,2846.0,48113
1643,East,1417.0,18.0,514.0,5577
1644,East,2374.0,30.0,754.0,11288
1645,North,1332.0,20.0,,14638
1646,West,3635.0,40.0,2707.0,43947
1647,North,3386.0,42.0,1183.0,17951
1648,West,3831.0,47.0,1592.0,30867
1649,West,2740.0,28.0,2303.0,217938
1650,West,2178.0,29.0,1226.0,10583
1651,North,1115.0,20.0,821.0,15535
1652,South,905.0,14.0,411.0,4800
1653,North,2249.0,24.0,1136.0,8260
1654,South,3490.0,41.0,3464.0,40098
1655,North,3268.0,40.0,1301.0,23393
1656,West,592.0,8.0,358.0,5013
1657,East,2977.0,32.0,2606.0,22256
1658,South,1153.0,13.0,451.0,5957
1659,South,3975.0,44.0,2115.0,27125
1660,South,933.0,16.0,646.0,6745
1661,East,1635.0,25.0,956.0,6256
1662,East,874.0,12.0,496.0,3725
1663,West,,43.0,1779.0,28642
1664,South,1566.0,23.0,1048.0,13688
1665,West,706.0,14.0,494.0,5004
1666,West,1279.0,15.0,924.0,10426
1667,North,1819.0,24.0,466.0,3499
1668,West,1641.0,,1157.0,18252
1669,North,1031.0,16.0,992.0,6494
1670,West,3793.0,41.0,2400.0,17052
1671,South,2713.0,29.0,2095.0,10566
1672,West,3190.0,38.0,2059.0,30657
1673,West,3727.0,39.0,3294.0,39284
1674,West,3755.0,43.0,3543.0,36734
1675,West,589.0,8.0,205.0,3765
1676,South,1617.0,19.0,889.0,6159
1677,North,512.0,8.0,263.0,3041
1678,South,3520.0,41.0,1845.0,26574
1679,North,2357.0,,708.0,8533
1680,East,1304.0,16.0,1110.0,11707
1681,South,1444.0,17.0,330.0,1915
1682,West,3289.0,34.0,2048.0,34349
1683,East,2357.0,31.0,1719.0,15862
1684,West,2110.0,29.0,772.0,13052
1685,North,3423.0,36.0,3165.0,31015
1686,West,2459.0,29.0,2141.0,25675
1687,West,3721.0,44.0,2147.0,35909
1688,South,3207.0,,1696.0,24997
1689,East,3579.0,37.0,1393.0,7796
1690,West,1552.0,20.0,1217.0,20764
1691,North,795.0,14.0,243.0,2529
1692,East,3533.0,38.0,2629.0,27624
1693,South,1425.0,19.0,1245.0,9837
1694,North,1139.0,20.0,436.0,6311
1695,South,2887.0,32.0,2579.0,22020
1696,North,1127.0,16.0,,2763
1697,North,2986.0,38.0,2778.0,19427
1698,North,1667.0,23.0,491.0,4130
1699,West,1441.0,18.0,1033.0,19030
1700,East,1329.0,21.0,532.0,7971
1701,West,2270.0,26.0,1973.0,32844
1702,South,3066.0,34.0,1870.0,14713
1703,South,1475.0,19.0,455.0,4106
1704,East,3616.0,45.0,,29438
1705,South,1454.0,20.0,765.0,11234
1706,North,1762.0,26.0,1285.0,15961
1707,East,1451.0,21.0,1314.0,17470
1708,North,1443.0,17.0,761.0,14593
1709,East,2702.0,,1167.0,16028
1710,East,1704.0,26.0,,2625
1711,North,,46.0,2498.0,16498
1712,North,2635.0,30.0,1375.0,17733
1713,West,3827.0,44.0,1912.0,25636
1714,South,2034.0,21.0,,4937
1715,North,1596.0,20.0,868.0,8854
1716,West,3478.0,43.0,3435.0,56495
1717,North,678.0,8.0,297.0,3747
1718,East,2759.0,31.0,1875.0,15325
1719,West,2328.0,24.0,1912.0,27904
1720,North,1757.0,27.0,1404.0,21040
1721,North,964.0,12.0,446.0,7360
1722,North,2274.0,32.0,1566.0,13369
1723,South,3794.0,42.0,3403.0,42249
1724,North,3178.0,34.0,675.0,9647
1725,East,3372.0,38.0,1850.0,10315
1726,North,3835.0,44.0,1455.0,24163
1727,East,1730.0,24.0,884.0,7806
1728,West,3154.0,35.0,1680.0,18136
1729,West,1384.0,,1104.0,13607
1730,East,2913.0,37.0,801.0,6778
1731,South,2823.0,,1722.0,14435
1732,East,2927.0,,1907.0,24945
1733,East,1832.0,25.0,1091.0,6813
1734,South,2154.0,29.0,1692.0,24883
1735,North,3839.0,47.0,1946.0,26688
1736,West,1444.0,23.0,1380.0,12252
1737,South,3635.0,41.0,2128.0,13432
1738,North,3357.0,42.0,2205.0,31288
1739,South,3921.0,40.0,3374.0,38227
1740,South,1424.0,23.0,598.0,3307
1741,West,2438.0,32.0,634.0,6124
1742,West,993.0,16.0,761.0,12816
1743,West,2046.0,23.0,1200.0,8574
1744,North,3669.0,40.0,3365.0,59278
1745,South,2469.0,33.0,2435.0,28201
1746,South,1594.0,21.0,828.0,7737
1747,North,2911.0,36.0,1550.0,17056
1748,North,3117.0,36.0,1641.0,11077
1749,West,2325.0,31.0,1069.0,18417
1750,North,1262.0,17.0,1042.0,8706
1751,East,2823.0,30.0,2279.0,18449
1752,North,549.0,8.0,320.0,4447
1753,North,3929.0,47.0,926.0,8980
1754,North,3275.0,40.0,1466.0,19004
1755,West,1405.0,16.0,610.0,10383
1756,West,3475.0,41.0,2950.0,37220
1757,West,1063.0,20.0,287.0,5406
1758,South,1282.0,17.0,1083.0,14593
1759,North,3032.0,39.0,2230.0,24150
1760,East,3655.0,39.0,2873.0,25856
1761,South,2540.0,27.0,1386.0,12797
1762,West,2331.0,,1734.0,25386
1763,North,1083.0,18.0,744.0,45660
1764,South,1819.0,25.0,1483.0,21789
1765,North,735.0,8.0,410.0,5909
1766,South,2603.0,32.0,1505.0,13536
1767,West,2442.0,31.0,1746.0,25989
1768,South,,15.0,246.0,2203
1769,South,12150.0,30.0,1334.0,17579
1770,South,609.0,8.0,595.0,6354
1771,South,691.0,13.0,159.0,862
1772,West,1403.0,18.0,635.0,5587
1773,West,1616.0,25.0,729.0,12936
1774,West,1361.0,15.0,962.0,13293
1775,West,3115.0,39.0,887.0,16724
1776,South,1583.0,21.0,1113.0,6371
1777,East,1149.0,12.0,1268.0,2521
1778,South,538.0,9.0,148.0,1026
1779,North,3620.0,37.0,2833.0,38812
1780,West,3991.0,46.0,1833.0,21036
1781,North,1136.0,13.0,1115.0,9527
1782,West,1536.0,20.0,353.0,5244
1783,South,535.0,12.0,298.0,3088
1784,East,2648.0,28.0,769.0,5958
1785,East,3657.0,43.0,1759.0,17234
1786,West,3794.0,44.0,3789.0,61361
1787,East,1861.0,24.0,1696.0,11961
1788,East,2483.0,30.0,593.0,4702
1789,North,665.0,10.0,433.0,4763
1790,East,2930.0,31.0,2104.0,26231
1791,North,2379.0,31.0,875.0,15321
1792,West,3947.0,40.0,1248.0,14219
1793,East,3337.0,39.0,3082.0,24552
1794,East,530.0,11.0,517.0,7183
1795,North,3946.0,42.0,3920.0,76408
1796,North,510.0,7.0,424.0,6451
1797,West,2511.0,27.0,1835.0,35543
1798,North,3873.0,48.0,1846.0,27837
1799,North,2643.0,31.0,891.0,14287
1800,North,3761.0,45.0,990.0,11437
1801,West,3000.0,35.0,2264.0,27459
1802,West,2739.0,34.0,2267.0,18983
1803,South,985.0,14.0,848.0,11217
1804,North,1789.0,26.0,6664.0,30994
1805,South,1947.0,26.0,1760.0,19773
1806,West,18495.0,42.0,3698.0,40558
1807,East,2785.0,34.0,1101.0,7201
1808,North,2443.0,29.0,1980.0,19695
1809,North,,46.0,2627.0,25798
1810,North,2463.0,27.0,1007.0,14577
1811,East,3683.0,42.0,3630.0,52455
1812,West,2351.0,27.0,2159.0,15388
1813,North,1969.0,29.0,596.0,3882
1814,North,1866.0,25.0,412.0,5893
1815,North,3716.0,40.0,2789.0,28428
1816,West,3636.0,43.0,2484.0,44581
1817,North,3818.0,42.0,3622.0,38952
1818,West,,36.0,1271.0,13049
1819,East,1490.0,23.0,399.0,3070
1820,South,1324.0,17.0,539.0,3476
1821,North,1962.0,21.0,422.0,5933
1822,North,2653.0,33.0,607.0,5273
1823,East,2728.0,28.0,2542.0,23504
1824,West,2731.0,32.0,1315.0,16428
1825,East,725.0,14.0,383.0,1993
1826,East,1276.0,19.0,274.0,1416
1827,North,3337.0,35.0,1390.0,18435
1828,West,1612.0,20.0,1360.0,21146
1829,West,1187.0,14.0,822.0,15411
1830,North,1029.0,11.0,826.0,7292
1831,West,3942.0,42.0,,17245
1832,East,1471.0,18.0,659.0,3638
1833,East,1435.0,21.0,841.0,7872
1834,West,1922.0,20.0,881.0,12863
1835,West,2653.0,36.0,2311.0,40274
1836,East,1794.0,24.0,786.0,9296
1837,North,2498.0,29.0,1818.0,16741
1838,South,3378.0,37.0,1046.0,10060
1839,West,2026.0,23.0,1518.0,27832
1840,North,1178.0,14.0,1096.0,11779
1841,South,3396.0,36.0,2333.0,23300
1842,South,3603.0,41.0,2334.0,34043
1843,South,2940.0,38.0,2849.0,35177
1844,East,539.0,7.0,378.0,4716
1845,West,3207.0,34.0,1307.0,12783
1846,North,3789.0,44.0,1644.0,19549
1847,North,3528.0,37.0,,20410
1848,North,1605.0,20.0,1265.0,18197
1849,West,1344.0,19.0,595.0,4670
1850,East,2243.0,27.0,1068.0,14268
1851,North,2748.0,28.0,,46619
1852,West,946.0,15.0,,3574
1853,West,3999.0,41.0,2094.0,17454
1854,West,3609.0,39.0,902.0,6163
1855,West,1734.0,22.0,1486.0,25050
1856,North,2991.0,35.0,819.0,11713
1857,West,1850.0,24.0,1368.0,21535
1858,South,3308.0,41.0,811.0,6519
1859,West,726.0,12.0,536.0,7034
1860,West,547.0,6.0,478.0,7750
1861,West,3589.0,41.0,1863.0,23312
1862,East,3459.0,38.0,2137.0,23537
1863,North,1962.0,,1023.0,17152
1864,East,2330.0,31.0,1026.0,7338
1865,West,686.0,14.0,578.0,4252
1866,West,2892.0,34.0,1208.0,16204
1867,North,2771.0,30.0,2157.0,15763
1868,North,3377.0,40.0,1232.0,20285
1869,North,3035.0,36.0,1214.0,19242
1870,West,2432.0,30.0,1141.0,20495
1871,West,3424.0,43.0,2299.0,34058
1872,North,1348.0,21.0,3040.0,33624
1873,East,2532.0,33.0,2016.0,15184
1874,West,1752.0,19.0,650.0,11052
1875,West,1913.0,24.0,399.0,3460
1876,East,1478.0,22.0,1214.0,14550
1877,East,10560.0,27.0,1811.0,23185
1878,East,1516.0,20.0,375.0,3113
1879,North,2735.0,35.0,1884.0,20140
1880,East,2381.0,27.0,1197.0,12662
1881,East,769.0,14.0,642.0,8739
1882,West,2130.0,26.0,1916.0,18031
1883,East,809.0,16.0,713.0,10276
1884,West,3703.0,41.0,3043.0,43480
1885,North,2543.0,33.0,1056.0,20484
1886,South,2074.0,23.0,1762.0,10389
1887,North,7975.0,25.0,1000.0,8145
1888,North,3392.0,43.0,822.0,14176
1889,West,2195.0,28.0,1241.0,22018
1890,West,18790.0,42.0,3584.0,44051
1891,North,3033.0,34.0,2761.0,43577
1892,South,,44.0,1060.0,14496
1893,West,1945.0,24.0,1547.0,10923
1894,North,2667.0,33.0,2253.0,31455
1895,East,719.0,14.0,300.0,4060
1896,West,552.0,13.0,319.0,3725
1897,East,2257.0,32.0,1735.0,13921
1898,North,1974.0,28.0,1088.0,18326
1899,South,3983.0,46.0,1156.0,9662
1900,West,2166.0,28.0,1656.0,10832
1901,East,1760.0,23.0,1636.0,23879
1902,North,3305.0,34.0,2386.0,33875
1903,West,3285.0,42.0,2691.0,46161
1904,North,1219.0,21.0,2372.0,10217
1905,West,905.0,18.0,314.0,2312
1906,North,3155.0,40.0,2253.0,19649
1907,West,3568.0,39.0,1649.0,17388
1908,South,2969.0,31.0,2637.0,21642
1909,South,3259.0,41.0,972.0,11263
1910,North,2794.0,35.0,1528.0,22310
1911,South,571.0,11.0,295.0,2934
1912,West,2353.0,31.0,2236.0,20675
1913,West,2732.0,31.0,881.0,10101
1914,South,2553.0,35.0,531.0,5541
1915,South,1729.0,19.0,675.0,6534
1916,West,2067.0,30.0,1770.0,14434
1917,West,,44.0,1269.0,18963
1918,East,886.0,14.0,348.0,1994
1919,South,2291.0,24.0,696.0,6112
1920,South,1198.0,19.0,925.0,11193
1921,East,3647.0,40.0,931.0,4841
1922,North,1700.0,26.0,790.0,10989
1923,East,1326.0,19.0,565.0,4715
1924,South,2322.0,26.0,1496.0,7612
1925,West,848.0,14.0,665.0,5968
1926,North,1778.0,24.0,1114.0,20868
1927,East,807.0,13.0,762.0,7781
1928,South,,41.0,3764.0,56356
1929,East,1650.0,18.0,807.0,8270
1930,North,2460.0,32.0,2022.0,27441
1931,East,2834.0,30.0,2242.0,19995
1932,East,6325.0,,1157.0,9372
1933,East,1224.0,17.0,683.0,5133
1934,East,,37.0,2066.0,17425
1935,East,2119.0,28.0,1129.0,10837
1936,West,882.0,17.0,776.0,6981
1937,North,3977.0,44.0,1526.0,14380
1938,West,2935.0,30.0,1150.0,11535
1939,South,1024.0,11.0,510.0,4841
1940,North,3186.0,33.0,1224.0,18344
1941,North,,36.0,9044.0,39861
1942,South,775.0,,238.0,1873
1943,West,3047.0,34.0,1390.0,12355
1944,West,3264.0,42.0,3038.0,34709
1945,West,836.0,11.0,441.0,7994
1946,East,2473.0,32.0,1975.0,10070
1947,South,3479.0,43.0,1012.0,11920
1948,North,980.0,16.0,390.0,4954
1949,South,1410.0,15.0,,7886
1950,South,2496.0,33.0,2023.0,16609
1951,North,3844.0,41.0,,18434
1952,North,3629.0,44.0,3497.0,62638
1953,East,1851.0,23.0,,16878
1954,West,2533.0,33.0,2457.0,33956
1955,West,2254.0,24.0,1222.0,17374
1956,West,608.0,9.0,218.0,3230
1957,East,3850.0,44.0,2700.0,26880
1958,South,4135.0,17.0,618.0,3200
1959,East,2299.0,25.0,691.0,5768
1960,West,814.0,9.0,,6001
1961,North,1634.0,19.0,350.0,5370
1962,South,3246.0,,1903.0,10594
1963,West,1280.0,18.0,595.0,8229
1964,South,3800.0,41.0,3011.0,21397
1965,East,2020.0,22.0,909.0,13170
1966,East,655.0,9.0,564.0,4712
1967,North,,27.0,1349.0,14472
1968,South,2224.0,31.0,1857.0,26432
1969,South,,40.0,3810.0,34951
1970,North,1386.0,21.0,1030.0,19588
1971,North,3573.0,43.0,3530.0,24054
1972,West,3305.0,40.0,737.0,7726
1973,North,1221.0,15.0,574.0,8702
1974,East,1412.0,21.0,404.0,5619
1975,North,3857.0,40.0,1581.0,15546
1976,West,,15.0,1193.0,22185
1977,North,512.0,10.0,116.0,1650
1978,South,3155.0,34.0,1944.0,25292
1979,West,997.0,19.0,652.0,7605
1980,West,2256.0,30.0,1464.0,13554
1981,North,2785.0,32.0,1616.0,29647
1982,West,1617.0,20.0,1346.0,25077
1983,South,3909.0,41.0,1199.0,11961
1984,South,3328.0,38.0,1492.0,7557
1985,North,1694.0,21.0,1173.0,9299
1986,North,,26.0,1885.0,26295
1987,West,3153.0,40.0,1650.0,11235
1988,South,3208.0,35.0,2888.0,25903
1989,South,2147.0,27.0,1143.0,9183
1990,West,2090.0,25.0,1091.0,17223
1991,West,16980.0,43.0,778.0,5619
1992,North,3483.0,42.0,,28689
1993,East,1990.0,29.0,1526.0,16467
1994,North,3175.0,35.0,926.0,13450
1995,West,642.0,7.0,285.0,3354
1996,East,1724.0,22.0,1422.0,11438
1997,West,3751.0,41.0,1848.0,28408
1998,North,16305.0,39.0,1282.0,22459
1999,North,3935.0,47.0,2903.0,45046
2000,North,3026.0,34.0,1082.0,20144
2001,North,1064.0,16.0,975.0,15429
2002,North,3018.0,35.0,859.0,14122
2003,West,2931.0,33.0,2243.0,19475
2004,North,2215.0,26.0,1328.0,15875
2005,North,,39.0,3112.0,39851
2006,West,916.0,13.0,276.0,2714
2007,South,2348.0,27.0,1743.0,17927
2008,West,,34.0,1878.0,19306
2009,North,3196.0,34.0,1867.0,28822
2010,South,2217.0,,1315.0,12759
2011,North,1890.0,28.0,1470.0,18323
2012,North,3572.0,38.0,3394.0,65461
2013,West,1567.0,22.0,428.0,4966
2014,North,3286.0,35.0,708.0,47622
2015,East,2366.0,29.0,1998.0,16356
2016,South,1621.0,20.0,464.0,6472
2017,South,1788.0,25.0,1769.0,17632
2018,West,2306.0,,1604.0,22938
2019,North,2687.0,33.0,1937.0,17144
2020,East,2004.0,25.0,720.0,7495
2021,West,3808.0,39.0,1494.0,15045
2022,East,3521.0,38.0,2561.0,31517
2023,West,1516.0,24.0,1407.0,24373
2024,North,1452.0,16.0,,22615
2025,South,3451.0,40.0,1237.0,15218
2026,North,571.0,8.0,175.0,2303
2027,West,2190.0,26.0,537.0,8462
2028,West,3761.0,39.0,3365.0,40363
2029,North,1791.0,21.0,780.0,11676
2030,East,1844.0,25.0,371.0,2816
2031,North,2654.0,,1006.0,7451
2032,East,3803.0,42.0,1796.0,16406
2033,South,3613.0,38.0,3587.0,34499
2034,West,1382.0,17.0,855.0,8407
2035,East,638.0,15.0,232.0,2848
2036,South,3162.0,35.0,1479.0,8483
2037,North,3410.0,39.0,1583.0,14873
2038,North,2820.0,30.0,609.0,9885
2039,North,2004.0,24.0,618.0,7529
2040,North,2963.0,37.0,2240.0,35098
2041,West,3053.0,38.0,904.0,12545
2042,East,1232.0,15.0,474.0,6876
2043,East,2248.0,27.0,1080.0,11856
2044,North,923.0,10.0,744.0,4980
2045,West,3978.0,41.0,2649.0,29371
2046,West,2091.0,26.0,6284.0,13133
2047,North,889.0,18.0,581.0,10760
2048,West,841.0,9.0,628.0,4931
2049,East,1445.0,15.0,292.0,2592
2050,North,5565.0,15.0,1051.0,9921
2051,South,992.0,14.0,286.0,3852
2052,South,691.0,9.0,363.0,2935
2053,North,998.0,19.0,815.0,15807
2054,West,1321.0,22.0,724.0,5069
2055,West,2235.0,24.0,2140.0,17479
2056,East,1756.0,27.0,1008.0,7304
2057,South,2468.0,31.0,2221.0,29120
2058,South,726.0,15.0,616.0,8492
2059,East,1894.0,23.0,1865.0,10658
2060,East,2686.0,29.0,2528.0,13461
2061,North,3403.0,36.0,3126.0,50576
2062,East,1316.0,22.0,1033.0,39258
2063,West,3720.0,38.0,1836.0,15108
2064,South,3686.0,44.0,1050.0,5485
2065,North,1973.0,23.0,1482.0,10593
2066,West,1586.0,19.0,1559.0,15477
2067,North,603.0,8.0,471.0,3460
2068,North,2374.0,30.0,2239.0,25290
2069,North,1370.0,16.0,1156.0,20029
2070,South,1167.0,16.0,386.0,3190
2071,West,2542.0,34.0,,16201
2072,East,772.0,17.0,366.0,2174
2073,North,1529.0,21.0,512.0,7717
2074,West,3718.0,41.0,2474.0,26268
2075,West,2731.0,,2677.0,43493
2076,West,1551.0,17.0,1255.0,10380
2077,North,2073.0,25.0,1117.0,20299
2078,South,3690.0,42.0,751.0,5577
2079,West,792.0,,357.0,3959
2080,West,3942.0,41.0,2450.0,46188
2081,North,3815.0,43.0,1753.0,24578
2082,North,3789.0,44.0,1094.0,12313
2083,South,2724.0,32.0,1510.0,21889
2084,West,3870.0,48.0,1558.0,16792
2085,East,2605.0,27.0,2416.0,14372
2086,South,1792.0,21.0,504.0,7544
2087,North,807.0,10.0,193.0,1927
2088,East,3859.0,42.0,,10648
2089,West,1476.0,24.0,683.0,35454
2090,South,3676.0,46.0,2677.0,32963
2091,West,1751.0,20.0,1373.0,18285
2092,West,1770.0,21.0,996.0,19175
2093,North,3247.0,36.0,2427.0,33218
2094,East,2017.0,29.0,984.0,5166
2095,North,2630.0,29.0,1931.0,27711
2096,West,1709.0,24.0,397.0,3330
2097,East,2799.0,,1435.0,18634
2098,East,1878.0,26.0,1564.0,21217
2099,West,2273.0,30.0,1915.0,24449
2100,South,2219.0,31.0,1715.0,22007
2101,West,2542.0,27.0,924.0,7749
2102,East,1295.0,19.0,515.0,5109
2103,North,1396.0,23.0,1392.0,16177
2104,East,2461.0,27.0,696.0,7735
2105,West,709.0,9.0,976.0,1727
2106,South,3363.0,39.0,1022.0,12797
2107,West,3156.0,40.0,1458.0,10977
2108,West,2994.0,39.0,1102.0,16568
2109,North,3007.0,,1799.0,12125
2110,West,1467.0,20.0,852.0,14752
2111,North,971.0,17.0,894.0,7841
2112,North,2917.0,35.0,664.0,8766
2113,North,3447.0,40.0,1571.0,15552
2114,West,1422.0,21.0,963.0,15306
2115,East,636.0,9.0,435.0,3573
2116,North,866.0,12.0,506.0,8055
2117,South,3459.0,44.0,2949.0,23146
2118,East,683.0,15.0,171.0,2142
2119,North,3858.0,44.0,3289.0,22687
2120,West,3019.0,36.0,1799.0,18319
2121,West,1898.0,20.0,583.0,7569
2122,East,3201.0,33.0,2908.0,15850
2123,West,3296.0,37.0,2371.0,21146
2124,South,1036.0,12.0,,4920
2125,West,3349.0,40.0,760.0,14591
2126,East,2102.0,23.0,658.0,8158
2127,East,1773.0,20.0,1218.0,9162
2128,North,3467.0,40.0,1191.0,11775
2129,West,3057.0,35.0,1164.0,17338
2130,South,3177.0,40.0,699.0,4317
2131,North,3549.0,39.0,2762.0,52003
2132,North,1596.0,22.0,1354.0,12758
2133,East,1805.0,23.0,1512.0,22674
2134,East,1415.0,16.0,427.0,4252
2135,West,3931.0,47.0,3627.0,59949
2136,West,3581.0,38.0,2642.0,17248
2137,North,3782.0,47.0,3472.0,62682
2138,West,651.0,16.0,363.0,3634
2139,North,1528.0,18.0,840.0,12754
2140,West,1718.0,21.0,1422.0,24149
2141,West,2477.0,33.0,680.0,5871
2142,East,3854.0,48.0,2377.0,22403
2143,West,3011.0,33.0,2617.0,33811
2144,South,3684.0,42.0,12736.0,25858
2145,South,770.0,16.0,743.0,7294
2146,West,1686.0,20.0,1279.0,13593
2147,South,959.0,17.0,351.0,3021
2148,South,604.0,14.0,131.0,1532
2149,South,3853.0,42.0,2248.0,25461
2150,West,2210.0,24.0,1350.0,12851
2151,South,13545.0,34.0,1062.0,14841
2152,North,14490.0,38.0,869.0,15395
2153,West,933.0,10.0,624.0,8186
2154,West,3399.0,37.0,2758.0,33461
2155,North,639.0,11.0,636.0,7250
2156,North,1994.0,23.0,1608.0,25237
2157,North,3703.0,38.0,3092.0,47096
2158,South,586.0,13.0,406.0,2826
2159,South,2211.0,29.0,2186.0,25608
2160,West,2730.0,35.0,1944.0,19015
2161,East,2915.0,34.0,,13425
2162,East,628.0,11.0,601.0,7207
2163,South,1769.0,23.0,1670.0,19118
2164,West,2101.0,22.0,1061.0,12563
2165,South,1169.0,17.0,307.0,3149
2166,West,3949.0,45.0,1333.0,25078
2167,East,648.0,7.0,160.0,1752
2168,North,1484.0,22.0,422.0,38112
2169,East,,15.0,470.0,2650
2170,South,1956.0,22.0,925.0,6160
2171,East,1127.0,13.0,715.0,5727
2172,North,1992.0,25.0,1533.0,20714
2173,North,2993.0,37.0,1104.0,18322
2174,West,2544.0,26.0,1878.0,20050
2175,North,1383.0,15.0,1056.0,11756
2176,West,2841.0,29.0,1838.0,18067
2177,North,2288.0,29.0,2112.0,20719
2178,East,3714.0,39.0,1073.0,15546
2179,East,749.0,8.0,256.0,2907
2180,East,3425.0,40.0,1860.0,12200
2181,South,1447.0,16.0,436.0,5329
2182,North,1474.0,21.0,963.0,15298
2183,North,1825.0,26.0,947.0,14360
2184,South,3596.0,38.0,1538.0,9762
2185,East,3336.0,42.0,1121.0,10179
2186,West,7415.0,23.0,694.0,5474
2187,West,1388.0,,953.0,16312
2188,West,3437.0,41.0,2271.0,34104
2189,West,2617.0,32.0,866.0,11339
2190,East,3172.0,38.0,951.0,8017
2191,North,1374.0,20.0,304.0,2704
2192,West,3683.0,43.0,,6094
2193,East,3935.0,46.0,,52261
2194,East,1826.0,21.0,431.0,3015
2195,North,970.0,16.0,761.0,5539
2196,South,2487.0,28.0,2232.0,32624
2197,South,590.0,13.0,164.0,1720
2198,West,1029.0,17.0,565.0,9524
2199,East,1160.0,20.0,1125.0,6117
2200,South,1238.0,14.0,1074.0,11459
2201,West,3273.0,42.0,1937.0,22618
2202,North,1371.0,19.0,1111.0,18371
2203,South,2186.0,31.0,1895.0,10203
2204,North,691.0,12.0,331.0,3880
2205,West,2486.0,32.0,2272.0,38369
2206,West,3813.0,47.0,2198.0,29223
2207,North,2685.0,31.0,1671.0,22810
2208,West,844.0,10.0,844.0,6552
2209,North,3751.0,,3281.0,26971
2210,West,1508.0,17.0,738.0,11292
2211,West,3050.0,34.0,635.0,9700
2212,West,702.0,9.0,492.0,9460
2213,North,1072.0,14.0,818.0,12888
2214,West,691.0,13.0,498.0,6430
2215,West,2552.0,29.0,2486.0,43866
2216,South,,32.0,2148.0,12984
2217,West,3808.0,44.0,2129.0,26274
2218,North,2216.0,29.0,555.0,5679
2219,West,810.0,9.0,470.0,3694
2220,North,3096.0,34.0,2326.0,38206
2221,West,2603.0,29.0,1786.0,23469
2222,East,942.0,11.0,594.0,6277
2223,North,1760.0,25.0,1012.0,11988
2224,North,1369.0,23.0,596.0,7441
2225,North,3768.0,42.0,1590.0,12733
2226,South,1084.0,16.0,651.0,7636
2227,South,2094.0,24.0,688.0,6415
2228,East,3299.0,42.0,1559.0,20528
2229,North,2037.0,24.0,935.0,8463
2230,North,4295.0,14.0,575.0,5270
2231,West,2223.0,23.0,563.0,8386
2232,North,,36.0,,50867
2233,West,2577.0,35.0,1675.0,21170
2234,West,2302.0,25.0,1696.0,27052
2235,East,2511.0,30.0,1915.0,28712
2236,East,2655.0,35.0,1150.0,17138
2237,West,1343.0,16.0,774.0,12521
2238,North,2125.0,27.0,2051.0,33051
2239,North,3264.0,37.0,2655.0,25804
2240,North,,21.0,1356.0,23508
2241,West,2491.0,28.0,1985.0,23356
2242,North,2482.0,31.0,845.0,16060
2243,East,1459.0,24.0,367.0,2134
2244,West,1968.0,21.0,1303.0,15852
2245,West,,37.0,1673.0,22963
2246,East,1961.0,22.0,824.0,7458
2247,North,,20.0,1041.0,9616
2248,West,1105.0,18.0,545.0,7744
2249,East,3004.0,32.0,1363.0,17118
2250,North,1114.0,17.0,980.0,87510
2251,North,3245.0,35.0,2846.0,27173
2252,West,2504.0,33.0,1215.0,19453
2253,East,2219.0,25.0,1922.0,14548
2254,West,1173.0,21.0,,9067
2255,West,8850.0,19.0,954.0,14767
2256,East,3090.0,36.0,782.0,10501
2257,East,2087.0,24.0,420.0,4122
2258,South,3404.0,40.0,2106.0,21721
2259,South,2111.0,23.0,4012.0,8052
2260,South,1396.0,23.0,1393.0,13855
2261,West,1962.0,26.0,,13186
2262,East,777.0,15.0,629.0,9157
2263,West,5255.0,16.0,,17124
2264,South,2136.0,30.0,1944.0,22705
2265,East,,28.0,1208.0,12541
2266,East,2932.0,34.0,976.0,12612
2267,East,1260.0,19.0,1004.0,9987
2268,West,,45.0,1891.0,19666
2269,North,3241.0,36.0,1875.0,16097
2270,East,1949.0,20.0,1373.0,15756
2271,North,904.0,17.0,837.0,15554
2272,South,1858.0,23.0,995.0,6504
2273,South,1732.0,20.0,1432.0,9738
2274,East,521.0,12.0,216.0,2017
2275,West,1177.0,14.0,893.0,15172
2276,East,,40.0,636.0,5049
2277,West,2528.0,31.0,2268.0,22228
2278,East,1731.0,24.0,388.0,4345
2279,East,12775.0,31.0,1968.0,20381
2280,North,3249.0,41.0,770.0,5608
2281,North,2308.0,28.0,953.0,7204
2282,South,1028.0,15.0,614.0,7018
2283,South,2537.0,28.0,1360.0,13126
2284,North,3149.0,32.0,1113.0,21284
2285,North,2176.0,24.0,1016.0,15566
2286,North,1156.0,20.0,904.0,5994
2287,West,665.0,8.0,489.0,6236
2288,South,1348.0,20.0,347.0,3173
2289,South,995.0,15.0,794.0,4817
2290,North,1089.0,14.0,,4884
2291,East,928.0,16.0,589.0,7687
2292,North,3321.0,42.0,1355.0,12860
2293,North,662.0,9.0,444.0,4364
2294,East,14565.0,37.0,,6342
2295,North,1762.0,27.0,1741.0,18032
2296,North,,9.0,256.0,3610
2297,North,1154.0,14.0,454.0,5435
2298,North,,15.0,325.0,6208
2299,North,2276.0,28.0,2087.0,15087
2300,South,2962.0,35.0,2100.0,22920
2301,West,1768.0,23.0,1387.0,24492
2302,East,1515.0,19.0,1416.0,13887
2303,East,3222.0,37.0,2995.0,15064
2304,North,1583.0,20.0,1252.0,12090
2305,West,505.0,11.0,181.0,1938
2306,South,1481.0,19.0,1295.0,18985
2307,North,3117.0,33.0,1132.0,20776
2308,East,906.0,18.0,720.0,10434
2309,North,3788.0,40.0,2835.0,48861
2310,South,2453.0,34.0,1980.0,16863
2311,East,2573.0,32.0,1611.0,22649
2312,West,,45.0,,48964
2313,South,1485.0,24.0,1430.0,12156
2314,West,889.0,12.0,250.0,2472
2315,West,1209.0,13.0,541.0,7363
2316,North,3118.0,,2149.0,19197
2317,North,1971.0,23.0,1914.0,13253
2318,South,1253.0,18.0,346.0,5003
2319,South,2693.0,30.0,587.0,8369
2320,South,1911.0,28.0,467.0,3095
2321,West,3332.0,,806.0,9511
2322,West,1772.0,21.0,1641.0,28395
2323,East,1025.0,13.0,796.0,9242
2324,South,1985.0,25.0,1472.0,13171
2325,West,2560.0,28.0,1582.0,25588
2326,West,3450.0,40.0,2848.0,51724
2327,West,2931.0,36.0,951.0,17632
2328,North,1055.0,20.0,542.0,6192
2329,East,3434.0,40.0,2033.0,13693
2330,North,3970.0,43.0,1145.0,21030
2331,North,518.0,10.0,277.0,2134
2332,North,1074.0,15.0,487.0,7735
2333,East,3298.0,38.0,753.0,4823
2334,East,1503.0,23.0,465.0,4136
2335,North,2966.0,38.0,2406.0,28512
2336,South,3908.0,45.0,838.0,5520
2337,South,2966.0,31.0,2810.0,39977
2338,South,,32.0,656.0,3298
2339,North,2439.0,32.0,2047.0,37091
2340,South,2135.0,23.0,1962.0,27151
2341,West,2198.0,26.0,2094.0,22239
2342,North,2669.0,29.0,2386.0,37354
2343,North,931.0,13.0,400.0,3915
2344,South,2591.0,33.0,1209.0,15219
2345,West,2395.0,33.0,1296.0,17878
2346,East,2443.0,32.0,761.0,6090
2347,East,1840.0,27.0,401.0,3610
2348,South,14640.0,37.0,2621.0,31187
2349,East,644.0,8.0,414.0,34926
2350,North,3898.0,46.0,2678.0,21958
2351,East,2910.0,31.0,2740.0,29355
2352,West,1573.0,18.0,1152.0,11288
2353,East,7940.0,20.0,1195.0,15551
2354,West,14510.0,30.0,2407.0,17843
2355,West,,18.0,381.0,5889
2356,North,3735.0,43.0,1823.0,15996
2357,West,3712.0,46.0,3618.0,51567
2358,North,3373.0,42.0,3165.0,54957
2359,East,1651.0,19.0,1498.0,18801
2360,North,,30.0,6616.0,26941
2361,North,2456.0,27.0,2175.0,28780
2362,South,3427.0,41.0,818.0,11376
2363,North,962.0,14.0,307.0,4343
2364,South,2274.0,28.0,1208.0,17124
2365,East,2545.0,,1493.0,15625
2366,North,1307.0,16.0,537.0,7023
2367,North,686.0,9.0,333.0,3127
2368,East,2243.0,29.0,741.0,7742
2369,South,1231.0,,728.0,4663
2370,West,2435.0,25.0,2033.0,36200
2371,East,,18.0,1249.0,14687
2372,West,1911.0,28.0,547.0,10621
2373,East,928.0,14.0,548.0,3245
2374,South,3405.0,35.0,2581.0,19117
2375,East,1807.0,,,15521
2376,North,2784.0,37.0,1429.0,16631
2377,South,1717.0,18.0,1198.0,11576
2378,West,1810.0,22.0,1765.0,31220
2379,South,1270.0,16.0,350.0,3576
2380,West,1257.0,18.0,644.0,5806
2381,West,635.0,13.0,334.0,6044
2382,West,1291.0,21.0,854.0,5896
2383,West,670.0,9.0,216.0,3918
2384,South,2706.0,34.0,924.0,5087
2385,South,2748.0,28.0,1177.0,82332
2386,East,2080.0,28.0,2007.0,11474
2387,South,1461.0,23.0,1150.0,13871
2388,East,3130.0,33.0,2283.0,12191
2389,West,1375.0,23.0,1174.0,20489
2390,East,2918.0,30.0,881.0,8510
2391,South,602.0,12.0,534.0,3169
2392,North,1501.0,16.0,1014.0,15908
2393,South,1648.0,19.0,772.0,7637
2394,North,3884.0,45.0,3312.0,29749
2395,West,3523.0,38.0,2967.0,19890
2396,South,3345.0,41.0,,26916
2397,North,1981.0,25.0,579.0,4408
2398,North,3801.0,40.0,,28641
2399,East,,16.0,1120.0,8594
2400,East,3429.0,43.0,1666.0,18833
2401,South,1720.0,21.0,435.0,4480
2402,North,3280.0,41.0,1094.0,8092
2403,South,,14.0,917.0,13466
2404,South,3119.0,32.0,2029.0,28146
2405,East,670.0,14.0,325.0,2467
2406,East,3953.0,43.0,1702.0,63552
2407,South,2720.0,35.0,1103.0,15910
2408,North,3210.0,35.0,2348.0,29338
2409,West,4760.0,,510.0,5378
2410,South,2897.0,34.0,2817.0,27898
2411,East,2475.0,27.0,1849.0,23533
2412,North,2157.0,26.0,1798.0,93738
2413,South,,31.0,1320.0,16731
2414,North,15835.0,41.0,834.0,13547
2415,East,3575.0,42.0,2110.0,21930
2416,West,3664.0,45.0,,29386
2417,South,3466.0,39.0,1254.0,7927
2418,North,2553.0,35.0,2456.0,34976
2419,North,787.0,10.0,437.0,5393
2420,South,2141.0,30.0,727.0,6705
2421,North,3717.0,42.0,1334.0,13051
2422,North,1947.0,25.0,827.0,9378
2423,West,2413.0,27.0,2412.0,19069
2424,South,1107.0,15.0,459.0,3450
2425,North,956.0,16.0,443.0,4446
2426,West,,30.0,1647.0,26136
2427,North,1725.0,18.0,751.0,5355
2428,West,1735.0,24.0,647.0,9683
2429,South,1529.0,16.0,500.0,3607
2430,West,3171.0,37.0,1427.0,10794
2431,East,2923.0,35.0,832.0,6663
2432,West,946.0,11.0,203.0,1912
2433,West,1334.0,22.0,1126.0,15400
2434,North,3677.0,43.0,1141.0,12717
2435,West,1310.0,20.0,1075.0,20487
2436,South,1924.0,27.0,1612.0,23592
2437,South,3667.0,38.0,2311.0,21809
2438,South,1911.0,27.0,856.0,11086
2439,East,1458.0,19.0,461.0,2366
2440,North,1975.0,28.0,1559.0,21236
2441,East,3396.0,40.0,2313.0,28758
2442,East,1308.0,22.0,947.0,6789
2443,West,7390.0,19.0,306.0,2232
2444,West,,32.0,2791.0,23799
2445,South,1225.0,14.0,310.0,2920
2446,South,3001.0,35.0,1481.0,14904
2447,North,3862.0,48.0,2017.0,23098
2448,North,1716.0,20.0,345.0,4216
2449,North,2697.0,35.0,1612.0,20332
2450,South,2403.0,28.0,1928.0,24475
2451,North,3306.0,39.0,2839.0,22338
2452,West,1278.0,19.0,1155.0,19053
2453,East,1472.0,18.0,869.0,10329
2454,South,3310.0,38.0,,28956
2455,East,3549.0,38.0,936.0,11555
2456,North,2038.0,21.0,1203.0,15179
2457,South,9580.0,26.0,621.0,4418
2458,East,3887.0,43.0,1927.0,19976
2459,South,2623.0,33.0,1216.0,17729
2460,South,1098.0,14.0,592.0,6444
2461,West,3841.0,43.0,2525.0,16775
2462,West,724.0,12.0,668.0,4861
2463,East,2053.0,23.0,1059.0,15809
2464,East,2660.0,29.0,2620.0,14985
2465,East,2798.0,32.0,2259.0,12335
2466,North,3804.0,42.0,2317.0,25694
2467,South,1340.0,17.0,958.0,14076
2468,North,2314.0,29.0,652.0,6939
2469,South,1213.0,14.0,1062.0,9663
2470,East,1606.0,22.0,1069.0,12123
2471,North,624.0,13.0,2468.0,4204
2472,West,3746.0,40.0,2656.0,48262
2473,West,1592.0,24.0,1381.0,18302
2474,West,3618.0,38.0,3038.0,38183
2475,East,3431.0,42.0,1634.0,22234
2476,West,1779.0,23.0,725.0,13695
2477,North,2250.0,24.0,1225.0,14706
2478,West,529.0,12.0,304.0,15942
2479,North,2828.0,30.0,1109.0,18969
2480,West,3471.0,41.0,3178.0,37317
2481,North,2517.0,28.0,1596.0,29785
2482,West,3808.0,47.0,3742.0,70532
2483,West,3819.0,,3239.0,25889
2484,North,2915.0,32.0,1879.0,35579
2485,South,994.0,15.0,952.0,8266
